State,Indicator,1998,1999,2000,2001,2002,2003,2004,2005,2006,2007,2008,2009,2010,2011,2012,2013,2014,2015,2016,2017,2018,2019,2020,2021,2022,2023,Clinton Avg GR (%),Clinton Overall GR (%),Bush Avg GR (%),Bush Overall GR (%),Obama Avg GR (%),Obama Overall GR (%),Trump Avg GR (%),Trump Overall GR (%),Biden Avg GR (%),Biden Overall GR (%)
United States,Real GDP,12924876.0,13543774.0,14096033.0,14230726.0,14472712.0,14877312.0,15449757.0,15987957.0,16433148.0,16762445.0,16781485.0,16349110.0,16789750.0,17052410.0,17442759.0,17812167.0,18261714.0,18799622.0,19141672.0,19612102.0,20193896.0,20715671.0,20267585.0,21494798.0,22034828.0,22671096.0,4.44,9.06,2.39,17.92,2.28,17.08,1.13,3.34,2.7,5.47
United States,Real Personal Income,,,,,,,,,,,13932319.4,13560629.2,13862567.5,14331132.5,14709774.5,14682820.3,15216230.2,15896447.7,16162029.4,16658962.0,17163074.0,17727562.0,18731605.3,19641720.3,19013960.0,19404131.7,,,,,2.55,19.18,3.99,12.44,-0.58,-1.21
United States,Real PCE,,,,,,,,,,,11270735.8,11123596.9,11335603.3,11528483.8,11686117.9,11889925.2,12226445.7,12638789.0,12949012.2,13290625.5,13654925.4,13948133.0,13594721.8,14787232.3,15236191.5,15621697.3,,,,,2.2,16.41,0.79,2.29,2.79,5.64
United States,Real Per Capita Personal Income,,,,,,,,,,,45816.0,44204.0,44808.0,45956.0,46795.0,46357.0,47659.0,49394.0,49826.0,51004.0,52240.0,53682.0,56501.0,59153.0,57052.0,57937.0,,,,,1.73,12.72,3.48,10.78,-1.0,-2.06
United States,Real Per Capita PCE,,,,,,,,,,,37063.0,36260.0,36640.0,36969.0,37176.0,37539.0,38295.0,39272.0,39921.0,40691.0,41562.0,42237.0,41006.0,44533.0,45717.0,46644.0,,,,,1.39,10.1,0.28,0.77,2.34,4.74
United States,Total Employment,158481200.0,161531300.0,165370800.0,165522200.0,165095100.0,165921500.0,168839700.0,172338400.0,175868600.0,179543700.0,179213900.0,173636700.0,172901700.0,176091700.0,178979700.0,182328100.0,186239800.0,190325800.0,193425900.0,196394100.0,200292200.0,201622200.0,195262600.0,202706100.0,210414200.0,216314200.0,2.15,4.35,1.15,8.27,1.56,11.4,-0.17,-0.58,3.3,6.71
Alabama,Real GDP,160396.4,166531.8,168695.3,168448.3,172430.4,178040.0,189913.7,197246.5,199923.9,202025.5,200967.4,194192.1,199455.0,201372.8,203675.5,206962.9,206070.0,208950.3,212862.8,216615.5,220808.8,225272.8,222288.8,233726.6,238556.5,245354.7,2.56,5.17,2.58,19.31,1.32,9.61,0.88,2.62,2.46,4.98
Alabama,Real Personal Income,,,,,,,,,,,199308.2,199810.9,199934.3,201384.9,201397.8,201172.1,205291.8,215147.9,214859.9,220235.9,231109.9,235847.2,252516.5,266191.4,256889.2,255620.7,,,,,1.06,7.53,4.69,14.66,-1.99,-3.97
Alabama,Real PCE,,,,,,,,,,,164093.5,164430.3,163000.8,163835.5,163555.0,166493.3,169501.8,175050.6,177257.9,181495.6,190026.5,193730.0,191907.5,207240.1,211069.8,209835.3,,,,,1.09,7.8,1.9,5.74,0.64,1.25
Alabama,Real Per Capita Personal Income,,,,,,,,,,,42242.0,41995.0,41757.0,41849.0,41617.0,41356.0,42010.0,43835.0,43577.0,44472.0,46441.0,47137.0,50183.0,52707.0,50630.0,50039.0,,,,,0.54,3.77,4.13,12.84,-2.55,-5.06
Alabama,Real Per Capita PCE,,,,,,,,,,,34779.0,34559.0,34044.0,34046.0,33798.0,34227.0,34686.0,35665.0,35951.0,36649.0,38186.0,38720.0,38138.0,41035.0,41599.0,41076.0,,,,,0.57,4.03,1.36,4.06,0.06,0.1
Alabama,Total Employment,2361892.0,2378217.0,2392225.0,2376053.0,2364829.0,2371429.0,2425650.0,2486829.0,2545547.0,2604108.0,2582600.0,2479511.0,2460305.0,2497974.0,2503656.0,2523020.0,2552256.0,2587641.0,2619761.0,2649222.0,2692424.0,2712014.0,2670753.0,2769122.0,2854910.0,2939353.0,0.64,1.28,1.21,8.69,0.79,5.66,0.28,0.81,3.03,6.15
Alaska,Real GDP,40263.7,39783.1,38428.1,40014.4,41904.7,41235.0,42880.1,44406.8,47546.2,50126.7,49926.6,54951.9,53652.0,54045.5,57087.4,54627.6,53303.3,53681.1,53463.9,53550.9,52479.6,52377.5,50332.8,51454.1,50767.1,54059.7,-2.3,-4.56,3.25,24.77,-0.35,-2.71,-2.03,-6.01,2.58,5.06
Alaska,Real Personal Income,,,,,,,,,,,35489.4,34976.6,37928.9,39548.5,40261.6,39493.9,40913.7,41763.3,40448.3,40068.6,40876.8,41763.5,42869.1,42273.0,42764.7,42881.9,,,,,2.16,15.64,2.28,6.99,0.71,1.44
Alaska,Real PCE,,,,,,,,,,,28865.5,28761.4,30555.8,31230.3,32002.7,32394.9,32817.5,33095.6,33216.1,33306.8,33814.2,34572.5,33062.4,34829.2,36670.1,37640.6,,,,,2.09,15.49,-0.2,-0.73,3.97,8.07
Alaska,Real Per Capita Personal Income,,,,,,,,,,,51624.0,50046.0,53121.0,54738.0,55069.0,53511.0,55466.0,56504.0,54409.0,54005.0,55410.0,56835.0,58487.0,57520.0,58320.0,58470.0,,,,,1.25,8.72,2.69,8.3,0.82,1.65
Alaska,Real Per Capita PCE,,,,,,,,,,,41989.0,41153.0,42794.0,43225.0,43773.0,43892.0,44490.0,44777.0,44681.0,44891.0,45836.0,47049.0,45108.0,47392.0,50009.0,51323.0,,,,,1.19,8.57,0.21,0.48,4.07,8.29
Alaska,Total Employment,382166.0,381307.0,389734.0,394565.0,402192.0,405625.0,413869.0,421422.0,431321.0,439844.0,443602.0,442505.0,443940.0,450420.0,459282.0,461205.0,461371.0,461707.0,457142.0,455550.0,454776.0,454794.0,430867.0,443037.0,453783.0,467287.0,0.99,1.98,1.69,12.43,0.47,3.31,-1.81,-5.42,2.71,5.47
Arizona,Real GDP,197492.1,214293.9,224729.3,230885.6,238257.1,253743.1,264990.0,283806.2,296424.4,306611.6,302277.9,277412.4,282252.5,290411.3,297077.3,298859.9,301721.2,308582.8,319008.4,333099.0,346398.3,359576.7,365027.7,395035.9,410228.4,422399.6,6.69,13.79,3.96,30.92,2.02,14.99,3.1,9.59,3.41,6.93
Arizona,Real Personal Income,,,,,,,,,,,244724.1,232419.1,237914.3,247442.2,255433.5,257087.1,267086.1,281347.5,289273.8,304434.3,318218.3,333868.0,361266.1,394399.4,374592.8,381769.1,,,,,3.18,24.46,5.89,18.67,-1.55,-3.2
Arizona,Real PCE,,,,,,,,,,,216145.7,208707.6,215882.4,221402.7,226505.7,230026.9,237768.6,246519.2,251483.4,264659.3,275644.2,283289.2,281220.9,318965.7,321902.1,328923.0,,,,,2.7,20.5,2.06,6.26,1.55,3.12
Arizona,Real Per Capita Personal Income,,,,,,,,,,,38967.0,36641.0,37162.0,38384.0,39253.0,39171.0,40235.0,41903.0,42530.0,44250.0,45656.0,47220.0,50269.0,54232.0,50856.0,51373.0,,,,,2.16,16.07,4.36,13.6,-2.61,-5.27
Arizona,Real Per Capita PCE,,,,,,,,,,,34416.0,32903.0,33721.0,34344.0,34808.0,35048.0,35818.0,36715.0,36974.0,38469.0,39548.0,40066.0,39131.0,43859.0,43703.0,44262.0,,,,,1.68,12.37,0.59,1.72,0.46,0.92
Arizona,Total Employment,2616288.0,2695892.0,2801510.0,2829002.0,2847070.0,2917095.0,3041449.0,3219799.0,3375196.0,3465065.0,3402806.0,3228516.0,3181563.0,3239037.0,3295532.0,3371101.0,3448146.0,3547647.0,3644791.0,3740747.0,3854741.0,3929587.0,3919466.0,4085758.0,4241280.0,4383684.0,3.48,7.08,2.7,20.28,1.76,12.89,1.58,4.78,3.58,7.29
Arkansas,Real GDP,89905.3,94756.9,95509.8,95528.7,98556.6,102948.0,108581.8,112451.1,114890.4,114026.7,113628.0,109833.1,113000.9,115241.8,116616.2,119842.8,121409.4,121532.5,123034.9,123882.6,126371.2,127220.0,128340.9,137463.6,139560.7,142860.6,3.1,6.23,2.53,18.95,1.64,12.02,1.19,3.6,1.94,3.93
Arkansas,Real Personal Income,,,,,,,,,,,117807.7,118683.5,117680.3,121331.4,126850.0,125299.8,130572.4,134940.8,136781.6,140074.1,145306.2,144945.1,154321.0,165505.2,167211.7,169738.3,,,,,2.07,15.25,3.32,10.17,1.27,2.56
Arkansas,Real PCE,,,,,,,,,,,95712.4,97029.3,96705.8,97691.8,98540.8,99397.4,102073.7,105531.4,108118.3,110659.9,115087.9,114966.5,114466.8,123114.5,127801.5,130245.1,,,,,1.57,11.43,1.15,3.44,2.86,5.79
Arkansas,Real Per Capita Personal Income,,,,,,,,,,,40983.0,40970.0,40280.0,41286.0,43016.0,42407.0,44095.0,45429.0,45891.0,46835.0,48479.0,48247.0,51195.0,54650.0,54888.0,55330.0,,,,,1.66,12.01,3.05,9.31,0.62,1.24
Arkansas,Real Per Capita PCE,,,,,,,,,,,33296.0,33495.0,33101.0,33242.0,33416.0,33641.0,34470.0,35528.0,36274.0,37000.0,38398.0,38268.0,37974.0,40653.0,41952.0,42456.0,,,,,1.15,8.3,0.89,2.63,2.2,4.44
Arkansas,Total Employment,1445536.0,1460374.0,1482449.0,1482587.0,1478920.0,1482026.0,1505086.0,1537671.0,1567665.0,1582826.0,1579250.0,1542904.0,1541250.0,1561929.0,1565109.0,1569358.0,1587408.0,1610799.0,1629734.0,1639903.0,1658212.0,1663305.0,1638864.0,1684570.0,1745448.0,1788616.0,1.27,2.55,0.91,6.52,0.79,5.63,-0.01,-0.06,3.04,6.18
California,Real GDP,1538612.3,1655438.5,1784320.6,1784567.7,1821509.5,1895287.6,1956745.5,2042141.0,2120435.4,2168940.4,2192331.8,2110679.4,2153852.8,2192887.2,2255437.3,2340335.3,2428675.7,2545979.5,2623711.7,2740550.3,2850970.3,2969609.0,2933320.2,3154188.6,3184007.8,3248656.6,7.69,15.97,2.99,22.85,3.16,24.31,2.32,7.03,1.49,3.0
California,Real Personal Income,,,,,,,,,,,1603306.0,1567285.7,1624234.9,1688931.8,1753099.3,1755250.2,1834858.3,1951176.5,2033539.5,2073859.0,2114414.8,2211989.0,2370495.0,2473737.1,2300588.4,2335587.4,,,,,3.8,29.75,4.58,14.3,-2.74,-5.58
California,Real PCE,,,,,,,,,,,1306204.6,1274423.7,1307631.2,1333097.2,1359471.1,1384534.2,1426319.2,1482241.1,1542765.3,1579558.4,1624412.0,1687489.6,1612029.1,1768939.6,1815443.0,1862351.9,,,,,2.77,21.06,0.75,2.06,2.6,5.28
California,Real Per Capita Personal Income,,,,,,,,,,,43801.0,42404.0,43519.0,44858.0,46170.0,45839.0,47491.0,50074.0,51845.0,52604.0,53481.0,55932.0,60008.0,63194.0,58928.0,59940.0,,,,,2.93,22.26,4.51,14.07,-2.52,-5.15
California,Real Per Capita PCE,,,,,,,,,,,35684.0,34480.0,35036.0,35407.0,35803.0,36158.0,36917.0,38039.0,39333.0,40066.0,41087.0,42669.0,40808.0,45189.0,46501.0,47795.0,,,,,1.9,14.07,0.68,1.85,2.84,5.77
California,Total Employment,18432865.0,18852334.0,19228895.0,19341458.0,19358251.0,19478732.0,19784214.0,20126936.0,20505244.0,20888508.0,20654365.0,19837727.0,19642544.0,19986185.0,20666919.0,21318697.0,21996861.0,22687175.0,23177961.0,23548874.0,24077466.0,24224461.0,23152576.0,23932286.0,24941198.0,25417299.0,2.14,4.32,0.95,6.79,2.26,16.84,-0.52,-1.68,3.06,6.21
Colorado,Real GDP,206449.1,221040.8,238739.3,242650.1,243701.9,246017.4,250069.3,261992.9,268190.8,278733.8,281803.3,275659.1,279385.6,283963.8,289339.5,301484.1,315399.0,330526.1,337685.2,350209.1,365204.5,383725.6,380188.8,406451.9,418818.8,437056.0,7.54,15.64,2.17,16.14,2.95,22.5,2.81,8.56,3.69,7.53
Colorado,Real Personal Income,,,,,,,,,,,228236.2,220217.9,226621.4,233652.0,242375.6,251229.7,268506.2,279326.6,281611.3,295345.2,321261.3,331900.2,345630.9,372693.0,377585.6,385503.9,,,,,3.59,27.88,5.41,17.03,1.71,3.44
Colorado,Real PCE,,,,,,,,,,,188107.8,187581.5,193290.8,192643.3,194602.5,201435.1,210537.6,221798.9,231600.3,240861.8,255814.8,260194.4,252603.2,281873.9,295600.9,306884.9,,,,,3.08,23.47,1.67,4.87,4.34,8.87
Colorado,Real Per Capita Personal Income,,,,,,,,,,,46677.0,44290.0,44902.0,45642.0,46712.0,47730.0,50254.0,51326.0,50932.0,52739.0,56587.0,57863.0,59744.0,64129.0,64644.0,65589.0,,,,,2.03,15.0,4.27,13.28,1.13,2.28
Colorado,Real Per Capita PCE,,,,,,,,,,,38470.0,37726.0,38298.0,37632.0,37505.0,38270.0,39404.0,40755.0,41887.0,43010.0,45060.0,45362.0,43664.0,48502.0,50608.0,52213.0,,,,,1.52,11.03,0.57,1.52,3.75,7.65
Colorado,Total Employment,2732491.0,2808435.0,2918002.0,2941583.0,2916933.0,2908611.0,2958370.0,3036659.0,3109365.0,3217965.0,3251120.0,3164474.0,3143662.0,3204104.0,3262912.0,3357156.0,3467715.0,3574253.0,3666709.0,3760708.0,3857981.0,3894321.0,3820820.0,3987571.0,4110187.0,4241790.0,3.34,6.79,1.45,10.52,2.13,15.87,0.55,1.6,3.13,6.38
Connecticut,Real GDP,212255.0,218860.0,233874.2,236338.1,234307.3,236719.1,252680.8,258203.7,269478.6,278485.4,277793.2,265530.8,266773.4,261555.8,263649.9,258911.0,260605.8,268869.8,268196.2,273875.1,274582.8,275225.4,260765.2,269838.7,278975.9,286628.4,4.99,10.19,2.37,17.54,0.15,1.0,-1.59,-4.79,3.07,6.22
Connecticut,Real Personal Income,,,,,,,,,,,218101.9,215629.8,227260.5,226382.8,225685.1,217256.9,224560.1,228819.1,231104.6,233286.0,245903.7,249155.8,250633.4,263467.0,248930.8,260582.5,,,,,1.03,7.18,2.44,7.44,-0.42,-1.09
Connecticut,Real PCE,,,,,,,,,,,148173.2,145062.2,151482.0,150748.7,152339.8,153654.3,158219.2,161087.9,162462.4,165214.0,173063.7,173553.7,167724.2,183420.2,179159.0,188560.7,,,,,1.64,11.99,0.56,1.52,1.47,2.8
Connecticut,Real Per Capita Personal Income,,,,,,,,,,,61514.0,60539.0,63476.0,62986.0,62599.0,60177.0,62124.0,63350.0,64059.0,64665.0,68093.0,69073.0,70057.0,73110.0,68981.0,72040.0,,,,,0.85,5.81,2.72,8.34,-0.61,-1.46
Connecticut,Real Per Capita PCE,,,,,,,,,,,41791.0,40727.0,42310.0,41942.0,42255.0,42560.0,43771.0,44598.0,45032.0,45796.0,47923.0,48114.0,46882.0,50898.0,49646.0,52129.0,,,,,1.46,10.57,0.83,2.37,1.27,2.42
Connecticut,Total Employment,2036825.0,2070018.0,2118177.0,2125253.0,2117721.0,2112277.0,2144316.0,2171965.0,2202093.0,2245723.0,2256077.0,2196171.0,2171940.0,2206253.0,2223243.0,2246505.0,2266061.0,2288144.0,2301331.0,2300273.0,2314465.0,2297925.0,2217360.0,2289368.0,2356018.0,2416621.0,1.98,3.99,0.86,6.16,0.67,4.79,-1.2,-3.6,2.74,5.56
Delaware,Real GDP,56487.0,60866.2,63388.8,65724.8,63702.5,64316.8,67735.5,66381.2,68411.8,68132.4,65771.3,69186.2,68291.9,71103.5,70562.4,68656.8,73961.7,76211.2,71941.4,69555.6,70856.4,74627.8,72506.8,74657.1,77149.2,78014.4,5.95,12.22,0.05,0.07,0.65,3.98,1.45,4.24,2.23,4.5
Delaware,Real Personal Income,,,,,,,,,,,40590.1,40366.5,40290.5,42736.6,42700.0,43131.6,43866.2,46905.4,47544.3,48891.9,50602.0,51689.3,54506.3,56546.4,57377.3,57719.5,,,,,2.4,17.78,3.7,11.48,1.03,2.07
Delaware,Real PCE,,,,,,,,,,,36696.1,35898.2,36712.6,37849.8,38291.9,39146.9,39894.5,41521.9,41901.2,42804.6,43890.4,44833.0,44161.1,48142.8,49312.6,49762.5,,,,,2.24,16.72,1.06,3.17,1.67,3.36
Delaware,Real Per Capita Personal Income,,,,,,,,,,,45923.0,45268.0,44779.0,47058.0,46587.0,46599.0,46908.0,49657.0,49888.0,50850.0,52109.0,52674.0,54954.0,56272.0,56282.0,55936.0,,,,,1.43,10.21,2.63,8.07,-0.29,-0.6
Delaware,Real Per Capita PCE,,,,,,,,,,,41517.0,40257.0,40803.0,41677.0,41777.0,42294.0,42661.0,43957.0,43966.0,44519.0,45198.0,45687.0,44523.0,47909.0,48371.0,48225.0,,,,,1.27,9.21,0.02,0.01,0.33,0.66
Delaware,Total Employment,476426.0,491018.0,503458.0,502735.0,500634.0,504089.0,518094.0,528665.0,537096.0,544935.0,544865.0,525596.0,522361.0,530360.0,534253.0,544691.0,556449.0,568832.0,578605.0,584693.0,597021.0,602769.0,592138.0,620262.0,643382.0,663162.0,2.79,5.67,1.16,8.38,1.39,10.09,0.44,1.27,3.4,6.92
District of Columbia,Real GDP,88108.1,92096.8,92764.3,96185.3,99014.7,100969.4,106547.2,108884.1,108848.3,112287.6,116213.7,115646.0,120393.2,122636.4,123567.9,124094.8,126883.9,129110.2,132217.8,134298.8,138056.8,138909.7,137640.8,143141.4,144554.6,146024.3,2.62,5.28,2.75,20.82,1.94,14.33,0.84,2.49,1.0,2.01
District of Columbia,Real Personal Income,,,,,,,,,,,35121.3,35401.9,37023.1,39115.0,40381.8,39771.6,41606.2,45162.5,47313.5,49311.5,49662.2,50963.7,52579.4,53916.0,51867.1,54358.6,,,,,4.27,33.65,2.17,6.63,0.5,0.82
District of Columbia,Real PCE,,,,,,,,,,,33318.5,32619.3,33428.4,33989.3,35324.2,35811.7,36612.6,38244.7,39353.3,41134.1,42099.6,43919.8,40526.3,43669.8,44263.6,46806.3,,,,,2.72,20.64,-0.35,-1.48,3.55,7.18
District of Columbia,Real Per Capita Personal Income,,,,,,,,,,,60529.0,59777.0,61216.0,63314.0,63983.0,61685.0,63564.0,67849.0,70215.0,72416.0,72433.0,74139.0,78379.0,80587.0,77304.0,80060.0,,,,,2.37,17.46,2.7,8.23,-0.25,-0.65
District of Columbia,Real Per Capita PCE,,,,,,,,,,,57422.0,55079.0,55272.0,55017.0,55970.0,55543.0,55935.0,57456.0,58402.0,60407.0,61403.0,63892.0,60411.0,65273.0,65972.0,68937.0,,,,,0.85,6.03,0.08,0.01,2.78,5.61
District of Columbia,Total Employment,698434.0,711478.0,735304.0,741793.0,757395.0,754584.0,763451.0,769777.0,777513.0,788384.0,794904.0,795923.0,809128.0,826749.0,834391.0,848230.0,860668.0,873204.0,892796.0,902843.0,914319.0,915216.0,866067.0,869725.0,895212.0,913376.0,2.61,5.28,1.0,7.16,1.66,12.17,-1.33,-4.07,2.48,5.02
Florida,Real GDP,634032.3,664152.0,693837.3,714638.0,746252.8,781834.2,833946.8,883164.5,909298.9,922288.3,891766.9,840480.6,851956.4,849395.3,857861.3,880183.5,905648.5,945929.0,978989.7,1014866.9,1050433.8,1084913.9,1069758.8,1170526.3,1239883.6,1292787.6,4.61,9.43,3.26,24.79,2.22,16.48,1.79,5.41,5.1,10.44
Florida,Real Personal Income,,,,,,,,,,,801556.1,768901.7,805719.8,823940.3,832404.4,824741.5,867379.1,920580.0,947436.7,1004622.8,1055234.0,1113090.4,1162755.8,1232192.8,1210834.5,1247046.8,,,,,3.05,23.22,4.99,15.74,0.63,1.21
Florida,Real PCE,,,,,,,,,,,705589.9,694561.9,708341.9,720023.6,732252.1,749497.5,779921.4,816143.5,841243.9,871158.3,908456.3,938496.7,917159.6,1013265.9,1060448.5,1092049.3,,,,,2.78,21.12,1.77,5.28,3.82,7.78
Florida,Real Per Capita Personal Income,,,,,,,,,,,43264.0,41222.0,42760.0,43276.0,43193.0,42278.0,43817.0,45696.0,46131.0,48133.0,49932.0,52124.0,53853.0,56443.0,54430.0,55153.0,,,,,1.64,11.91,3.82,11.88,-1.12,-2.29
Florida,Real Per Capita PCE,,,,,,,,,,,38084.0,37237.0,37592.0,37818.0,37996.0,38421.0,39399.0,40512.0,40960.0,41739.0,42986.0,43948.0,42478.0,46415.0,47670.0,48298.0,,,,,1.37,10.0,0.63,1.77,2.01,4.06
Florida,Total Employment,8317201.0,8577884.0,8881279.0,8938947.0,9055665.0,9283343.0,9644269.0,10067135.0,10383831.0,10531299.0,10269510.0,9841868.0,9805140.0,10036679.0,10249034.0,10539527.0,10937534.0,11367164.0,11682273.0,12098388.0,12556216.0,12760885.0,12718985.0,13456889.0,14201476.0,14756561.0,3.33,6.78,2.02,14.89,2.49,18.7,1.69,5.13,4.72,9.66
Georgia,Real GDP,377705.9,404465.2,417713.5,422731.6,427329.7,439074.6,461245.4,480838.3,487524.9,492238.7,481860.3,464016.8,471588.2,481215.4,489027.3,499900.2,517511.9,540108.5,561718.3,583543.3,600934.7,620744.9,604745.9,643013.8,665678.1,678201.2,5.18,10.59,1.91,13.99,2.77,21.06,1.23,3.63,2.7,5.47
Georgia,Real Personal Income,,,,,,,,,,,399457.2,403761.1,395187.5,415469.5,410423.3,412610.1,432994.4,460266.7,473711.4,491844.9,508578.3,529611.3,560217.1,581133.0,563090.6,567218.6,,,,,2.36,17.32,4.44,13.9,-1.19,-2.39
Georgia,Real PCE,,,,,,,,,,,335885.3,336939.5,331359.9,340874.6,339789.0,349190.1,361754.1,376570.4,387188.7,399122.2,413280.4,426037.5,417345.7,453294.4,468477.5,475973.8,,,,,2.03,14.91,1.53,4.57,2.48,5.0
Georgia,Real Per Capita Personal Income,,,,,,,,,,,42027.0,41967.0,40688.0,42371.0,41428.0,41342.0,42966.0,45162.0,45910.0,47164.0,48286.0,49762.0,52199.0,53857.0,51597.0,51429.0,,,,,1.34,9.4,3.45,10.68,-2.27,-4.51
Georgia,Real Per Capita PCE,,,,,,,,,,,35338.0,35022.0,34117.0,34764.0,34298.0,34987.0,35896.0,36950.0,37525.0,38272.0,39238.0,40030.0,38887.0,42009.0,42928.0,43156.0,,,,,1.01,7.15,0.56,1.61,1.36,2.73
Georgia,Total Employment,4607959.0,4728750.0,4860810.0,4871814.0,4858410.0,4895367.0,5021804.0,5195948.0,5358151.0,5490802.0,5451004.0,5247101.0,5211443.0,5325710.0,5384734.0,5497190.0,5671135.0,5832928.0,5973764.0,6128089.0,6287460.0,6398769.0,6326141.0,6638710.0,6931533.0,7136747.0,2.71,5.49,1.63,11.89,1.88,13.85,1.08,3.23,3.69,7.5
Hawaii,Real GDP,58946.1,59612.1,60745.7,60446.4,62355.2,65623.7,69332.0,72941.9,74892.9,76434.1,76830.2,74118.5,76130.2,77174.2,78694.0,80534.9,81304.9,83857.6,85670.4,87436.4,88836.4,88855.2,79840.1,84408.5,86887.8,88614.3,1.51,3.05,3.5,27.1,2.09,15.59,-2.84,-8.69,2.46,4.98
Hawaii,Real Personal Income,,,,,,,,,,,57070.7,55419.6,57291.7,58168.3,59780.8,57699.9,60764.2,62961.5,65647.9,66836.5,66685.8,68047.8,69989.9,72197.7,69884.9,72620.2,,,,,2.49,18.46,1.55,4.72,0.35,0.59
Hawaii,Real PCE,,,,,,,,,,,48429.6,46921.1,48490.1,48823.3,50291.7,49977.2,51696.5,52715.4,54277.0,55519.3,56564.7,57781.5,54046.3,58683.5,60898.1,63732.9,,,,,2.11,15.68,-0.81,-2.65,4.21,8.6
Hawaii,Real Per Capita Personal Income,,,,,,,,,,,42839.0,41152.0,41970.0,42000.0,42548.0,40543.0,42368.0,43527.0,45057.0,45830.0,45669.0,46703.0,48230.0,49904.0,48551.0,50602.0,,,,,1.34,9.49,1.73,5.24,0.75,1.4
Hawaii,Real Per Capita PCE,,,,,,,,,,,36353.0,34841.0,35522.0,35253.0,35794.0,35117.0,36045.0,36444.0,37252.0,38070.0,38738.0,39657.0,37243.0,40562.0,42308.0,44409.0,,,,,0.97,6.92,-0.66,-2.17,4.63,9.48
Hawaii,Total Employment,738175.0,738111.0,749439.0,752548.0,757694.0,773609.0,797234.0,819967.0,842375.0,864610.0,858384.0,829885.0,824450.0,834994.0,849130.0,868191.0,882702.0,901126.0,914921.0,921135.0,924352.0,913949.0,817434.0,860684.0,895043.0,920860.0,0.76,1.53,1.9,14.06,1.41,10.25,-3.78,-11.26,3.44,6.99
Idaho,Real GDP,40879.3,44821.5,49793.0,48695.4,49840.5,51542.6,55137.1,59331.9,60738.6,61812.1,63878.2,61276.1,62626.4,62704.0,62007.3,64769.8,66784.9,67790.5,70442.5,72935.1,77652.1,81144.3,82717.4,88969.6,92903.7,95897.9,10.37,21.8,3.98,31.18,2.03,14.96,4.3,13.41,3.82,7.79
Idaho,Real Personal Income,,,,,,,,,,,59275.0,57571.7,59590.2,60845.2,63129.5,64489.2,67002.8,70479.1,73782.4,75774.0,81948.1,86867.1,96590.2,105920.6,104061.6,105985.0,,,,,3.61,28.16,8.45,27.47,0.05,0.06
Idaho,Real PCE,,,,,,,,,,,49442.0,48183.2,49559.3,49859.5,50888.1,52668.7,54370.0,55388.2,58656.8,60018.5,64208.9,65580.6,67436.9,76034.4,79961.1,82523.6,,,,,2.86,21.74,3.98,12.36,4.18,8.53
Idaho,Real Per Capita Personal Income,,,,,,,,,,,38633.0,37037.0,37925.0,38351.0,39456.0,39856.0,40851.0,42395.0,43501.0,43698.0,46334.0,48045.0,52230.0,55615.0,53668.0,53944.0,,,,,2.33,17.45,6.14,19.52,-1.5,-3.0
Idaho,Real Per Capita PCE,,,,,,,,,,,32224.0,30997.0,31541.0,31427.0,31805.0,32551.0,33149.0,33318.0,34584.0,34612.0,36304.0,36272.0,36465.0,39923.0,41238.0,42003.0,,,,,1.59,11.57,1.78,5.35,2.58,5.21
Idaho,Total Employment,732684.0,747188.0,776910.0,783399.0,791317.0,800916.0,825332.0,861531.0,899836.0,929492.0,921093.0,880489.0,868683.0,878537.0,883162.0,903016.0,925548.0,949392.0,976719.0,1007831.0,1041387.0,1063420.0,1077509.0,1136894.0,1179656.0,1216926.0,2.98,6.04,2.36,17.58,1.5,10.93,2.26,6.91,3.46,7.04
Illinois,Real GDP,639642.7,663857.8,687111.4,688404.3,692398.1,703548.8,726139.0,741248.6,759825.7,769571.6,759095.3,740794.3,755391.4,772225.6,790723.3,795435.2,811490.1,825424.9,826404.7,832826.8,851517.2,858018.3,810200.9,855888.1,876536.0,885651.3,3.65,7.42,1.42,10.27,1.58,11.56,-0.86,-2.72,1.73,3.48
Illinois,Real Personal Income,,,,,,,,,,,617142.7,583187.4,588136.5,601149.1,622873.0,631664.9,651001.4,683753.2,680906.2,685318.8,707358.8,721949.1,752256.6,767718.5,734669.4,761677.4,,,,,2.25,16.76,3.16,9.77,-0.31,-0.79
Illinois,Real PCE,,,,,,,,,,,485234.9,470010.8,476494.2,480659.7,487645.5,496107.5,509208.4,527627.7,534014.4,538080.0,549214.9,558248.3,535443.0,570283.3,587682.9,614597.2,,,,,1.84,13.62,-0.13,-0.49,3.81,7.77
Illinois,Real Per Capita Personal Income,,,,,,,,,,,48415.0,45573.0,45785.0,46627.0,48180.0,48736.0,50192.0,52739.0,52593.0,53025.0,54882.0,56182.0,58814.0,60496.0,58388.0,60693.0,,,,,2.08,15.4,3.52,10.92,0.24,0.33
Illinois,Real Per Capita PCE,,,,,,,,,,,38066.0,36729.0,37094.0,37281.0,37720.0,38277.0,39259.0,40697.0,41247.0,41633.0,42612.0,43443.0,41863.0,44938.0,46706.0,48973.0,,,,,1.68,12.3,0.22,0.55,4.39,8.98
Illinois,Total Employment,7139373.0,7218569.0,7357491.0,7309738.0,7217677.0,7191483.0,7244979.0,7334786.0,7448634.0,7577703.0,7553123.0,7304369.0,7251061.0,7376147.0,7434721.0,7503553.0,7613604.0,7748859.0,7804672.0,7823072.0,7880803.0,7859167.0,7519081.0,7749922.0,7994252.0,8177655.0,1.52,3.06,0.47,3.33,0.96,6.85,-1.29,-3.89,2.72,5.52
Indiana,Real GDP,260549.9,268864.3,278990.4,273884.4,280723.0,293045.2,303819.8,306344.6,312525.5,322661.7,322384.3,299789.0,320731.8,321532.8,323876.2,333207.4,343827.8,341205.2,348439.2,357535.8,368762.9,370507.2,359787.3,387122.0,399280.8,404290.3,3.48,7.08,2.37,17.71,2.2,16.23,0.24,0.63,2.2,4.43
Indiana,Real Personal Income,,,,,,,,,,,276552.9,268703.6,274616.9,286855.4,292577.9,291964.9,299357.3,314400.0,320397.1,328648.6,331557.6,340327.2,366859.1,387640.6,378049.9,378613.4,,,,,2.56,19.24,3.78,11.63,-1.16,-2.33
Indiana,Real PCE,,,,,,,,,,,228367.9,224090.8,226320.0,230867.7,234115.8,235982.9,241348.2,250295.3,256588.4,266105.8,267173.3,269964.0,270542.2,289240.8,302338.5,305980.2,,,,,1.96,14.5,0.55,1.67,2.87,5.79
Indiana,Real Per Capita Personal Income,,,,,,,,,,,43045.0,41599.0,42305.0,43988.0,44694.0,44364.0,45290.0,47431.0,48119.0,49155.0,49297.0,50331.0,54036.0,56891.0,55333.0,55174.0,,,,,2.12,15.67,3.25,9.93,-1.52,-3.02
Indiana,Real Per Capita PCE,,,,,,,,,,,35545.0,34693.0,34865.0,35402.0,35763.0,35858.0,36513.0,37760.0,38536.0,39801.0,39724.0,39925.0,39850.0,42449.0,44252.0,44589.0,,,,,1.52,11.08,0.04,0.12,2.5,5.04
Indiana,Total Employment,3543278.0,3596542.0,3648148.0,3588944.0,3553197.0,3552183.0,3593262.0,3634795.0,3674382.0,3720029.0,3682921.0,3523023.0,3525292.0,3590103.0,3642274.0,3684167.0,3740470.0,3796439.0,3847508.0,3903424.0,3963724.0,3969443.0,3842872.0,3977956.0,4107840.0,4205137.0,1.46,2.96,0.37,2.62,1.27,9.21,-0.5,-1.55,2.82,5.71
Iowa,Real GDP,121031.0,123683.4,129323.4,128077.5,131035.2,137476.9,149063.2,153626.8,155704.5,162838.1,160469.1,156737.2,161593.1,164559.3,170923.7,171069.1,180309.9,185989.2,186729.9,187125.0,189245.1,188471.4,186328.2,201147.1,201580.4,202051.4,3.38,6.85,3.31,25.29,2.55,19.14,-0.14,-0.43,0.23,0.45
Iowa,Real Personal Income,,,,,,,,,,,149119.1,141685.1,141341.1,150625.1,152906.0,153386.7,155922.6,163694.5,163762.3,166102.4,165388.8,166728.2,177596.3,190688.4,192241.8,188363.2,,,,,2.12,15.58,2.3,6.92,-0.6,-1.22
Iowa,Real PCE,,,,,,,,,,,115206.3,112463.8,112560.6,116760.3,116654.8,117865.9,120544.7,124456.6,127487.4,130356.7,127969.4,129438.4,127709.4,138567.1,142807.6,143422.7,,,,,1.82,13.36,-0.67,-2.03,1.75,3.5
Iowa,Real Per Capita Personal Income,,,,,,,,,,,49431.0,46716.0,46319.0,49065.0,49603.0,49444.0,49950.0,52197.0,51997.0,52520.0,52149.0,52367.0,55657.0,59628.0,60081.0,58735.0,,,,,1.57,11.3,2.0,5.97,-0.74,-1.5
Iowa,Real Per Capita PCE,,,,,,,,,,,38189.0,37082.0,36888.0,38033.0,37843.0,37994.0,38617.0,39685.0,40479.0,41218.0,40351.0,40655.0,40023.0,43330.0,44632.0,44722.0,,,,,1.27,9.16,-0.97,-2.9,1.6,3.21
Iowa,Total Employment,1877486.0,1896080.0,1915254.0,1902198.0,1879738.0,1873351.0,1902252.0,1933944.0,1965800.0,1994003.0,1997583.0,1959120.0,1950434.0,1975941.0,1993406.0,2019403.0,2038999.0,2059821.0,2066676.0,2061826.0,2076505.0,2071286.0,2010886.0,2055845.0,2094636.0,2134298.0,1.0,2.01,0.71,5.01,0.77,5.49,-0.82,-2.47,1.89,3.82
Kansas,Real GDP,112625.7,115486.4,118840.9,119474.1,121050.5,123486.7,124793.2,129588.2,136135.8,143586.6,147265.0,141902.5,143870.1,147836.8,150077.1,150702.9,154110.1,158602.6,164643.7,166273.6,169796.9,169562.3,168056.8,172782.4,177470.1,183795.6,2.72,5.52,3.04,23.26,2.15,16.03,0.36,1.07,3.13,6.37
Kansas,Real Personal Income,,,,,,,,,,,144002.4,136817.7,135439.8,143276.0,147397.5,149555.2,149103.0,150962.5,151347.9,154694.8,156470.6,159653.1,168145.8,174737.3,175964.6,179467.7,,,,,1.48,10.62,2.83,8.7,1.34,2.71
Kansas,Real PCE,,,,,,,,,,,110663.1,106339.3,105773.7,107580.8,107494.9,108661.1,109679.3,112680.2,115222.0,117367.2,117900.6,119196.3,117488.2,125880.6,131627.4,133865.8,,,,,1.16,8.35,0.04,0.1,3.14,6.34
Kansas,Real Per Capita Personal Income,,,,,,,,,,,51282.0,48299.0,47376.0,49879.0,50983.0,51541.0,51212.0,51652.0,51703.0,52843.0,53374.0,54420.0,57229.0,59476.0,59919.0,61032.0,,,,,1.0,7.05,2.71,8.3,1.3,2.62
Kansas,Real Per Capita PCE,,,,,,,,,,,39409.0,37540.0,36999.0,37452.0,37181.0,37448.0,37671.0,38554.0,39362.0,40092.0,40218.0,40629.0,39987.0,42846.0,44821.0,45524.0,,,,,0.69,4.85,-0.08,-0.26,3.09,6.25
Kansas,Total Employment,1723552.0,1740420.0,1760312.0,1767601.0,1746039.0,1733661.0,1750839.0,1765616.0,1795475.0,1844345.0,1858080.0,1813192.0,1801894.0,1819054.0,1841411.0,1868968.0,1895912.0,1910992.0,1916188.0,1913433.0,1925926.0,1923958.0,1878516.0,1920138.0,1953150.0,1998292.0,1.06,2.13,0.72,5.12,0.8,5.68,-0.6,-1.82,2.02,4.07
Kentucky,Real GDP,160810.1,165761.9,161101.0,161316.4,165435.3,170481.9,175344.6,182017.9,186332.6,185790.0,186515.9,178112.8,186720.6,188389.8,192060.1,196698.0,196795.8,199487.1,201007.2,203564.0,205940.1,211783.1,206049.6,215133.2,219755.6,224418.0,0.14,0.18,2.1,15.62,1.75,12.85,0.43,1.22,2.13,4.32
Kentucky,Real Personal Income,,,,,,,,,,,176022.8,176870.8,176725.0,180670.3,182952.0,181706.0,186725.1,195535.5,197156.3,201330.6,206072.9,211230.0,228182.3,240400.4,229326.8,230020.2,,,,,1.58,11.47,4.3,13.34,-2.16,-4.32
Kentucky,Real PCE,,,,,,,,,,,148684.2,151289.1,150980.7,152633.1,153106.1,154549.7,156694.4,162836.3,166616.2,171290.5,177421.5,178158.9,176713.0,190930.9,194140.4,196283.3,,,,,1.4,10.13,1.06,3.17,1.39,2.8
Kentucky,Real Per Capita Personal Income,,,,,,,,,,,41032.0,40970.0,40634.0,41304.0,41637.0,41149.0,42163.0,44004.0,44229.0,44983.0,45924.0,46959.0,50615.0,53332.0,50831.0,50820.0,,,,,1.12,7.95,4.04,12.52,-2.35,-4.71
Kentucky,Real Per Capita PCE,,,,,,,,,,,34659.0,35044.0,34715.0,34894.0,34844.0,34999.0,35382.0,36645.0,37378.0,38271.0,39539.0,39607.0,39199.0,42358.0,43032.0,43366.0,,,,,0.93,6.66,0.82,2.42,1.19,2.38
Kentucky,Total Employment,2223896.0,2264164.0,2306481.0,2283616.0,2263400.0,2273294.0,2300562.0,2337786.0,2374793.0,2414775.0,2402305.0,2324874.0,2325641.0,2367868.0,2389067.0,2407581.0,2439916.0,2473925.0,2498703.0,2520120.0,2546178.0,2549331.0,2470655.0,2556381.0,2637171.0,2709875.0,1.84,3.71,0.73,5.2,1.04,7.48,-0.65,-1.96,2.96,6.0
Louisiana,Real GDP,209356.6,213475.3,206556.1,210534.7,214856.1,223576.0,234620.8,249560.9,247139.7,234216.4,237061.6,241868.8,253466.9,241235.9,242416.8,236482.3,243042.9,239584.1,235554.2,239830.7,245220.3,246674.4,228951.3,237839.2,236854.1,248615.5,-0.64,-1.34,1.78,12.6,-0.33,-2.61,-1.45,-4.54,2.28,4.53
Louisiana,Real Personal Income,,,,,,,,,,,208684.8,206489.2,207753.8,207629.7,213483.3,213536.8,218320.6,220101.4,215097.6,220724.6,229692.2,232859.9,245197.0,255861.5,243667.3,253006.0,,,,,0.6,4.17,3.58,11.09,-0.47,-1.12
Louisiana,Real PCE,,,,,,,,,,,157968.5,161045.2,161200.2,162546.2,164047.0,166723.9,169122.2,174337.0,175381.1,180159.0,185849.5,187333.0,182797.1,196764.9,200602.5,208069.2,,,,,1.23,8.9,0.51,1.46,2.83,5.75
Louisiana,Real Per Capita Personal Income,,,,,,,,,,,47048.0,45972.0,45712.0,45363.0,46373.0,46138.0,46963.0,47125.0,45906.0,47177.0,49184.0,49921.0,52708.0,55297.0,53109.0,55317.0,,,,,-0.01,-0.14,3.78,11.72,0.1,0.04
Louisiana,Real Per Capita PCE,,,,,,,,,,,35614.0,35854.0,35469.0,35513.0,35635.0,36023.0,36380.0,37327.0,37430.0,38507.0,39796.0,40161.0,39294.0,42525.0,43723.0,45492.0,,,,,0.62,4.4,0.7,2.04,3.43,6.98
Louisiana,Total Employment,2336386.0,2352801.0,2388668.0,2397993.0,2399210.0,2418739.0,2434471.0,2397382.0,2413784.0,2501097.0,2550824.0,2529917.0,2536537.0,2564904.0,2601173.0,2642042.0,2684809.0,2696540.0,2691337.0,2692542.0,2725271.0,2717240.0,2592329.0,2693999.0,2766938.0,2833528.0,1.11,2.24,0.9,6.37,0.89,6.38,-1.22,-3.72,2.56,5.18
Maine,Real GDP,48138.5,50620.3,52958.5,54066.2,55406.5,56882.4,58934.8,59589.7,59986.0,60032.6,59845.1,58771.8,59958.5,59429.7,59181.7,59013.9,59589.8,60563.0,62037.1,63000.6,64806.3,66758.4,67410.9,71142.4,73036.2,75195.4,4.89,10.01,1.47,10.69,0.78,5.56,2.29,7.0,2.81,5.7
Maine,Real Personal Income,,,,,,,,,,,55982.4,56183.4,57177.8,58920.9,58117.2,56565.7,61195.9,61517.9,62117.5,63401.4,64801.5,68684.7,72531.2,77089.5,73379.1,77721.3,,,,,1.5,10.56,4.6,14.4,0.56,0.82
Maine,Real PCE,,,,,,,,,,,51749.8,51867.2,53454.2,54944.2,53738.2,53548.7,57131.5,56698.4,58007.0,59583.0,61309.8,63598.8,61573.5,67419.5,66988.4,71878.3,,,,,1.65,11.84,1.15,3.34,3.33,6.61
Maine,Real Per Capita Personal Income,,,,,,,,,,,42076.0,42256.0,43057.0,44300.0,43668.0,42448.0,45787.0,46058.0,46350.0,47144.0,47982.0,50597.0,53155.0,55911.0,52816.0,55685.0,,,,,1.38,9.69,4.1,12.75,-0.06,-0.4
Maine,Real Per Capita PCE,,,,,,,,,,,38895.0,39010.0,40253.0,41311.0,40377.0,40184.0,42746.0,42450.0,43283.0,44305.0,45397.0,46850.0,45125.0,48898.0,48216.0,51499.0,,,,,1.53,10.95,0.66,1.85,2.71,5.32
Maine,Total Employment,748614.0,762975.0,784039.0,787577.0,790595.0,794492.0,807610.0,809340.0,817608.0,828243.0,823556.0,800553.0,791385.0,794415.0,796939.0,803582.0,810909.0,816586.0,826729.0,834280.0,843918.0,842370.0,812930.0,849228.0,867062.0,889717.0,2.34,4.73,0.64,4.57,0.46,3.27,-0.84,-2.56,2.35,4.77
Maryland,Real GDP,248662.9,258913.4,269301.2,281053.6,290400.3,297690.6,311504.8,325644.5,329874.0,331763.5,338165.4,336285.8,352622.9,360155.9,361561.8,364633.2,370343.9,378745.9,391950.9,399714.5,402480.9,402506.2,388782.8,406953.1,416406.2,422866.3,4.06,8.3,2.69,20.32,2.22,16.55,-0.9,-2.73,1.94,3.91
Maryland,Real Personal Income,,,,,,,,,,,287439.7,282935.8,293197.2,299337.8,306124.0,297914.9,304757.3,317545.8,327193.2,334366.7,339610.8,350412.4,360821.3,369622.4,361298.9,372195.1,,,,,2.12,15.64,2.57,7.91,0.39,0.7
Maryland,Real PCE,,,,,,,,,,,217969.5,213172.9,220732.1,221893.5,227546.1,227197.5,232539.1,238012.9,242934.2,247089.4,252331.0,256978.5,242581.6,260384.6,268193.3,276538.1,,,,,1.89,13.96,-0.55,-1.82,3.05,6.2
Maryland,Real Per Capita Personal Income,,,,,,,,,,,50561.0,49375.0,50625.0,51131.0,51763.0,49966.0,50717.0,52493.0,53818.0,54699.0,55322.0,56852.0,58445.0,59857.0,58615.0,60223.0,,,,,1.26,9.0,2.24,6.85,0.34,0.61
Maryland,Real Per Capita PCE,,,,,,,,,,,38341.0,37200.0,38113.0,37903.0,38476.0,38105.0,38699.0,39346.0,39958.0,40421.0,41104.0,41693.0,39293.0,42167.0,43510.0,44745.0,,,,,1.03,7.41,-0.88,-2.79,3.01,6.11
Maryland,Total Employment,2935441.0,3007654.0,3092125.0,3119857.0,3156623.0,3191282.0,3247728.0,3310793.0,3378368.0,3440590.0,3430861.0,3359477.0,3345404.0,3394860.0,3438930.0,3494007.0,3537737.0,3602930.0,3659063.0,3696841.0,3752933.0,3744561.0,3621684.0,3750186.0,3866987.0,3977287.0,2.63,5.34,1.37,9.97,1.23,8.92,-0.66,-2.03,2.98,6.06
Massachusetts,Real GDP,335504.4,353837.9,382599.6,388180.8,388451.6,397069.9,407886.0,417075.6,426926.1,440373.8,447526.8,441307.6,462330.8,472664.3,483286.3,486991.8,496250.9,514398.7,521662.8,530129.4,549262.1,566326.8,559765.0,595911.8,608052.9,615504.5,6.79,14.04,2.06,15.29,2.43,18.21,1.85,5.59,1.64,3.29
Massachusetts,Real Personal Income,,,,,,,,,,,352308.8,353100.9,365865.6,374037.9,381927.0,383734.2,391031.1,414493.3,413376.8,429672.4,443038.1,458714.6,475960.8,504818.8,474183.4,486679.8,,,,,2.29,17.07,3.47,10.77,-1.72,-3.59
Massachusetts,Real PCE,,,,,,,,,,,285126.5,285215.4,292237.0,295472.7,298850.8,306903.9,311238.2,320862.7,318760.4,330798.8,337776.1,344746.6,323459.2,358112.5,357141.7,370964.0,,,,,1.61,11.76,-0.67,-2.22,1.8,3.59
Massachusetts,Real Per Capita Personal Income,,,,,,,,,,,54461.0,54176.0,55691.0,56417.0,57066.0,56794.0,57340.0,60375.0,59836.0,61749.0,63345.0,65375.0,68017.0,72200.0,67908.0,69512.0,,,,,1.45,10.45,3.27,10.15,-1.79,-3.72
Massachusetts,Real Per Capita PCE,,,,,,,,,,,44076.0,43761.0,44484.0,44567.0,44653.0,45423.0,45640.0,46737.0,46140.0,47540.0,48295.0,49133.0,46224.0,51218.0,51146.0,52984.0,,,,,0.76,5.44,-0.86,-2.77,1.72,3.45
Massachusetts,Total Employment,3896096.0,3962492.0,4070320.0,4075959.0,4021523.0,3991923.0,4028571.0,4071259.0,4110359.0,4202911.0,4215626.0,4115975.0,4115496.0,4175255.0,4253382.0,4353531.0,4447709.0,4631415.0,4709800.0,4778364.0,4855037.0,4872942.0,4600324.0,4777277.0,4940149.0,5051772.0,2.21,4.47,0.49,3.43,1.95,14.43,-1.21,-3.73,2.83,5.75
Michigan,Real GDP,431274.3,457637.6,467654.4,453301.5,465788.4,477085.4,485082.7,493796.3,483763.6,482935.1,455256.7,416297.1,441271.5,453989.1,463302.6,472779.9,479534.9,490618.7,500159.5,505101.5,516843.0,521085.1,501893.8,530380.9,543720.9,554256.2,4.15,8.44,0.1,0.43,2.67,20.14,-0.18,-0.64,2.23,4.5
Michigan,Real Personal Income,,,,,,,,,,,417247.4,397562.6,404923.1,422694.3,431789.3,429051.8,439730.3,471528.9,480853.1,491845.4,492973.4,496935.1,539609.5,557378.0,536034.9,541161.2,,,,,2.78,20.95,3.21,9.71,-1.44,-2.91
Michigan,Real PCE,,,,,,,,,,,352913.9,346799.9,353731.7,362636.1,368854.2,374474.9,383211.2,402530.9,414519.1,427670.8,428255.5,429776.8,419889.4,451882.3,459977.8,461782.5,,,,,2.59,19.53,-0.6,-1.82,1.09,2.19
Michigan,Real Per Capita Personal Income,,,,,,,,,,,41948.0,40151.0,40984.0,42716.0,43524.0,43132.0,44085.0,47214.0,48004.0,48940.0,48952.0,49308.0,53583.0,55526.0,53426.0,53915.0,,,,,2.61,19.56,3.14,9.49,-1.43,-2.9
Michigan,Real Per Capita PCE,,,,,,,,,,,35480.0,35025.0,35803.0,36647.0,37180.0,37646.0,38419.0,40305.0,41382.0,42555.0,42525.0,42644.0,41694.0,45017.0,45845.0,46007.0,,,,,2.42,18.15,-0.67,-2.02,1.09,2.2
Michigan,Total Employment,5383530.0,5485654.0,5621494.0,5526201.0,5466125.0,5441678.0,5467547.0,5491717.0,5457438.0,5457366.0,5337592.0,5046457.0,5038098.0,5165197.0,5234356.0,5323127.0,5412068.0,5501527.0,5575793.0,5631139.0,5715122.0,5713441.0,5388050.0,5602299.0,5807078.0,5950022.0,2.19,4.42,-0.49,-3.41,1.44,10.49,-1.41,-4.32,3.06,6.21
Minnesota,Real GDP,237724.0,247004.7,263345.6,263518.7,268982.8,280796.9,293753.9,301761.2,302272.7,304208.0,309290.4,296875.2,308091.9,315213.3,321053.9,329774.5,338623.9,345456.2,350603.6,354721.9,364799.7,369617.4,357475.6,377947.0,384727.7,390907.9,5.26,10.78,2.33,17.37,2.41,18.1,0.29,0.78,1.7,3.43
Minnesota,Real Personal Income,,,,,,,,,,,261617.2,246937.4,256175.2,268028.4,277805.6,276131.6,283263.4,298148.3,302798.9,312566.2,313158.8,322754.5,343334.4,360718.4,353329.5,351314.1,,,,,2.97,22.62,3.21,9.84,-1.31,-2.61
Minnesota,Real PCE,,,,,,,,,,,217775.0,210783.9,216643.3,221412.2,223388.8,226982.9,229844.6,237698.8,244243.8,252123.8,251500.4,255540.4,243880.1,261255.0,270290.7,273332.7,,,,,2.13,15.87,-1.07,-3.27,2.29,4.62
Minnesota,Real Per Capita Personal Income,,,,,,,,,,,49860.0,46758.0,48225.0,50075.0,51557.0,50849.0,51753.0,54113.0,54497.0,55762.0,55425.0,56756.0,60123.0,63085.0,61833.0,61227.0,,,,,2.23,16.55,2.58,7.82,-1.48,-2.95
Minnesota,Real Per Capita PCE,,,,,,,,,,,41505.0,39912.0,40783.0,41366.0,41458.0,41798.0,41993.0,43142.0,43959.0,44979.0,44512.0,44936.0,42707.0,45690.0,47301.0,47636.0,,,,,1.39,10.14,-1.68,-5.05,2.12,4.26
Minnesota,Total Employment,3189396.0,3256931.0,3330936.0,3347326.0,3337728.0,3347012.0,3390375.0,3448129.0,3495694.0,3540345.0,3526233.0,3424125.0,3408488.0,3468973.0,3505288.0,3555540.0,3603670.0,3662633.0,3697854.0,3735638.0,3776940.0,3782570.0,3607176.0,3711161.0,3804210.0,3897123.0,2.2,4.44,0.75,5.34,1.11,7.99,-1.13,-3.44,2.47,5.01
Mississippi,Real GDP,90960.1,93597.7,93957.0,93515.5,94561.5,98762.1,101369.5,103691.8,105879.9,107713.9,109434.0,105360.0,106711.8,106491.1,108646.5,109032.7,109299.6,109401.7,109911.0,110281.4,110174.8,111207.8,110322.8,115675.1,116557.1,119548.4,1.64,3.29,2.28,17.02,0.61,4.32,0.01,0.04,1.67,3.35
Mississippi,Real Personal Income,,,,,,,,,,,115507.7,117636.2,116273.3,117393.6,119340.0,119397.5,119933.9,122245.9,122578.6,124576.5,127543.1,130006.9,140616.1,147417.7,136757.5,138867.1,,,,,0.59,4.2,4.16,12.88,-2.85,-5.8
Mississippi,Real PCE,,,,,,,,,,,95789.0,97545.5,96665.3,97139.2,97814.4,98336.6,99504.5,102529.1,103634.1,105163.0,107466.8,107430.8,108395.0,115581.8,116419.8,117753.0,,,,,0.88,6.24,1.02,3.07,0.94,1.88
Mississippi,Real Per Capita Personal Income,,,,,,,,,,,39184.0,39758.0,39144.0,39422.0,40016.0,39978.0,40144.0,40954.0,41074.0,41757.0,42877.0,43788.0,47531.0,49979.0,46533.0,47239.0,,,,,0.47,3.31,4.45,13.83,-2.68,-5.48
Mississippi,Real Per Capita PCE,,,,,,,,,,,32495.0,32968.0,32543.0,32620.0,32798.0,32926.0,33306.0,34349.0,34726.0,35249.0,36128.0,36184.0,36640.0,39186.0,39613.0,40056.0,,,,,0.75,5.33,1.3,3.95,1.1,2.22
Mississippi,Total Employment,1445429.0,1469707.0,1476295.0,1455992.0,1454782.0,1452910.0,1463650.0,1473724.0,1508313.0,1538835.0,1537448.0,1492328.0,1490777.0,1509966.0,1519741.0,1532509.0,1556854.0,1568216.0,1581199.0,1592198.0,1602929.0,1606893.0,1572607.0,1624491.0,1665251.0,1703755.0,1.06,2.14,0.79,5.59,0.83,5.96,-0.4,-1.23,2.41,4.88
Missouri,Real GDP,249234.0,256290.4,262665.4,260381.1,264997.7,271970.5,279128.2,285341.7,286558.3,288320.8,297881.8,289566.8,295986.4,292984.2,296514.3,302025.7,303617.8,308009.9,308423.3,311273.8,314182.4,321329.1,315332.6,331580.9,339652.4,348487.4,2.66,5.39,1.95,14.4,0.91,6.51,0.44,1.3,2.52,5.1
Missouri,Real Personal Income,,,,,,,,,,,279010.9,269359.7,263458.0,269246.0,276067.8,273056.0,276898.7,289282.9,296927.9,299195.0,306040.8,311214.7,333704.8,349285.8,345170.4,351069.4,,,,,1.42,10.23,3.74,11.53,0.27,0.51
Missouri,Real PCE,,,,,,,,,,,237207.7,229619.6,227352.1,231862.0,235134.2,235644.6,237680.6,246631.7,252377.7,256476.3,261329.0,261575.5,257278.5,277002.0,286641.9,291956.8,,,,,1.37,9.91,0.11,0.31,2.67,5.4
Missouri,Real Per Capita Personal Income,,,,,,,,,,,47099.0,45186.0,43938.0,44788.0,45807.0,45178.0,45689.0,47602.0,48730.0,48939.0,49937.0,50658.0,54222.0,56607.0,55878.0,56659.0,,,,,1.11,7.84,3.51,10.8,0.05,0.09
Missouri,Real Per Capita PCE,,,,,,,,,,,40042.0,38520.0,37916.0,38569.0,39015.0,38988.0,39218.0,40584.0,41419.0,41951.0,42641.0,42578.0,41804.0,44892.0,46403.0,47119.0,,,,,1.05,7.53,-0.11,-0.35,2.46,4.96
Missouri,Total Employment,3385244.0,3422953.0,3470846.0,3451902.0,3437481.0,3444525.0,3478540.0,3533298.0,3586439.0,3636196.0,3625622.0,3522642.0,3475274.0,3506549.0,3528185.0,3565833.0,3597160.0,3655817.0,3700543.0,3735873.0,3777370.0,3778389.0,3690891.0,3792568.0,3880656.0,3979329.0,1.25,2.53,0.71,5.03,0.71,5.05,-0.39,-1.2,2.43,4.92
Montana,Real GDP,31456.1,31633.4,32513.7,32689.6,33663.8,35249.5,36949.9,38849.0,40055.0,42057.7,42049.3,40938.4,42469.8,43532.2,44329.1,45114.7,46166.7,47765.6,47189.6,48470.5,49455.0,50263.5,49981.4,53303.7,55193.9,57373.3,1.67,3.36,3.68,28.63,2.06,15.27,1.03,3.12,3.75,7.63
Montana,Real Personal Income,,,,,,,,,,,41419.1,40981.4,42683.6,43600.1,45954.1,45904.9,46473.6,48308.3,49190.0,51054.6,53527.0,54841.4,60590.4,65647.7,66102.5,67750.3,,,,,2.66,20.03,5.93,18.68,1.59,3.2
Montana,Real PCE,,,,,,,,,,,37809.2,37375.3,39218.6,39343.7,40246.6,41230.7,41616.4,42544.1,43482.3,44550.7,47042.0,46980.0,47663.1,53612.0,56382.5,57573.7,,,,,2.2,16.34,2.3,6.99,3.64,7.39
Montana,Real Per Capita Personal Income,,,,,,,,,,,42420.0,41648.0,43077.0,43679.0,45708.0,45185.0,45340.0,46701.0,47043.0,48257.0,50187.0,50993.0,55730.0,59336.0,58869.0,59807.0,,,,,1.77,12.95,4.97,15.49,0.4,0.79
Montana,Real Per Capita PCE,,,,,,,,,,,38722.0,37984.0,39580.0,39415.0,40031.0,40584.0,40601.0,41129.0,41584.0,42109.0,44107.0,43684.0,43840.0,48458.0,50213.0,50824.0,,,,,1.31,9.48,1.38,4.11,2.42,4.88
Montana,Total Employment,535785.0,543115.0,552690.0,559924.0,564636.0,571208.0,585505.0,600567.0,616917.0,635629.0,636195.0,619453.0,616391.0,623221.0,633197.0,642072.0,649048.0,660573.0,667793.0,674409.0,684043.0,685589.0,683384.0,714924.0,736656.0,757299.0,1.56,3.16,1.84,13.62,1.08,7.8,0.45,1.33,2.92,5.93
Nebraska,Real GDP,75750.0,77421.1,80268.2,82268.1,83433.2,88310.7,90607.6,94556.0,97322.8,99780.7,99860.1,99986.4,103940.8,109734.2,109686.3,111382.2,115651.9,119640.8,121303.1,123219.9,125543.4,127568.9,126734.9,134939.9,139440.9,145019.6,2.95,5.96,2.82,21.38,2.81,21.32,0.95,2.85,3.67,7.47
Nebraska,Real Personal Income,,,,,,,,,,,90654.1,88747.4,90296.9,99235.9,98938.0,97877.0,102249.2,106813.0,104983.0,106918.7,106946.6,109418.5,115035.6,124791.9,126611.5,129707.2,,,,,2.5,18.29,2.49,7.59,1.96,3.94
Nebraska,Real PCE,,,,,,,,,,,71428.2,69713.9,70768.9,73351.7,73720.8,74761.4,76648.4,79116.3,81459.9,83695.8,82982.8,83543.6,81693.2,89632.6,94013.9,94794.2,,,,,2.25,16.85,-0.79,-2.39,2.86,5.76
Nebraska,Real Per Capita Personal Income,,,,,,,,,,,50465.0,48959.0,49338.0,53822.0,53224.0,52247.0,54103.0,56086.0,54640.0,55273.0,54975.0,55971.0,58594.0,63531.0,64333.0,65562.0,,,,,1.65,11.6,1.99,6.01,1.58,3.2
Nebraska,Real Per Capita PCE,,,,,,,,,,,39762.0,38459.0,38668.0,39783.0,39659.0,39907.0,40557.0,41543.0,42397.0,43268.0,42657.0,42735.0,41611.0,45632.0,47770.0,47915.0,,,,,1.41,10.24,-1.29,-3.83,2.5,5.0
Nebraska,Total Employment,1138369.0,1156816.0,1173756.0,1175112.0,1165998.0,1169210.0,1180188.0,1192187.0,1208036.0,1230968.0,1237394.0,1223251.0,1219855.0,1232536.0,1251331.0,1266360.0,1282738.0,1302877.0,1310927.0,1317730.0,1330415.0,1328396.0,1305658.0,1334512.0,1358642.0,1398244.0,1.54,3.11,0.74,5.3,0.99,7.17,-0.3,-0.92,2.36,4.78
Nevada,Real GDP,102779.4,110091.0,114810.2,116267.3,120180.1,125905.4,139373.0,150680.9,156297.9,157734.3,152745.6,140304.3,142614.2,144341.2,142986.1,144549.3,145303.6,151055.9,156007.4,163199.1,168638.5,176029.7,166077.0,182474.1,190463.3,195405.6,5.7,11.71,4.06,31.37,1.54,11.19,0.69,1.76,3.48,7.09
Nevada,Real Personal Income,,,,,,,,,,,113703.5,105980.5,110621.2,110422.8,113327.3,114066.7,120100.1,130620.6,136283.6,139414.1,151489.9,156075.9,167975.3,184388.8,177649.3,181182.9,,,,,3.7,28.59,6.44,20.49,-0.84,-1.74
Nevada,Real PCE,,,,,,,,,,,97340.7,91217.2,93690.8,93671.2,95280.7,99276.6,103197.2,108066.9,113583.1,115495.0,124585.9,125363.8,124840.9,140619.8,145707.2,147757.5,,,,,3.2,24.52,2.69,8.09,2.52,5.08
Nevada,Real Per Capita Personal Income,,,,,,,,,,,42848.0,39476.0,40941.0,40739.0,41361.0,41179.0,42744.0,45719.0,46904.0,47169.0,50302.0,50857.0,53910.0,58599.0,55910.0,56723.0,,,,,2.52,18.82,4.58,14.29,-1.57,-3.2
Nevada,Real Per Capita PCE,,,,,,,,,,,36682.0,33977.0,34675.0,34558.0,34775.0,35839.0,36728.0,37825.0,39091.0,39076.0,41368.0,40849.0,40067.0,44689.0,45857.0,46258.0,,,,,2.03,15.05,0.9,2.54,1.74,3.51
Nevada,Total Employment,1131237.0,1189071.0,1254358.0,1285310.0,1299544.0,1353124.0,1441158.0,1533726.0,1604488.0,1643873.0,1619016.0,1512925.0,1478082.0,1501861.0,1519210.0,1561287.0,1608537.0,1664654.0,1724751.0,1780614.0,1848890.0,1884199.0,1770765.0,1912664.0,2042787.0,2122456.0,5.3,10.88,3.39,25.96,1.91,14.0,-0.09,-0.55,5.35,10.97
New Hampshire,Real GDP,54954.5,56913.1,60742.5,61719.4,63474.2,66119.4,68428.1,69556.1,71424.5,71943.5,71195.6,70498.6,72950.4,73465.0,74082.8,75503.4,76836.2,79319.3,80736.1,81179.6,82269.5,84438.2,83152.6,89949.3,91416.1,93466.7,5.15,10.53,2.08,15.35,1.96,14.52,0.82,2.43,1.94,3.91
New Hampshire,Real Personal Income,,,,,,,,,,,63530.8,63540.9,65788.4,67643.1,69271.5,68230.1,70279.9,72073.6,72954.0,74547.9,78110.1,81627.3,84761.2,91653.9,83713.5,87257.7,,,,,2.01,14.81,4.37,13.7,-2.21,-4.8
New Hampshire,Real PCE,,,,,,,,,,,54914.5,55275.5,56647.6,57168.6,58086.4,58960.7,59844.3,61026.9,61290.3,63068.6,65332.4,66116.6,64315.0,70412.7,69574.6,72800.3,,,,,1.49,10.88,0.69,1.98,1.72,3.39
New Hampshire,Real Per Capita Personal Income,,,,,,,,,,,48279.0,48280.0,49950.0,51172.0,52190.0,51260.0,52478.0,53641.0,53998.0,54856.0,57229.0,59502.0,61479.0,66057.0,59838.0,62236.0,,,,,1.63,11.84,3.87,12.07,-2.7,-5.78
New Hampshire,Real Per Capita PCE,,,,,,,,,,,41731.0,41999.0,43010.0,43248.0,43763.0,44296.0,44686.0,45419.0,45365.0,46409.0,47867.0,48196.0,46649.0,50748.0,49732.0,51924.0,,,,,1.11,8.01,0.21,0.52,1.21,2.32
New Hampshire,Total Employment,743341.0,760763.0,783545.0,788168.0,788485.0,797649.0,812824.0,825602.0,835584.0,848007.0,844885.0,820826.0,813758.0,818810.0,824378.0,835032.0,844521.0,860652.0,873123.0,882481.0,892584.0,890078.0,858485.0,894657.0,919580.0,945323.0,2.67,5.41,1.0,7.2,0.89,6.37,-0.9,-2.72,2.79,5.66
New Jersey,Real GDP,461237.3,477827.9,503901.5,509631.5,517752.2,529815.9,536174.0,546357.8,555211.0,560823.8,573202.7,546362.2,554764.4,548479.3,560729.7,570952.4,570696.4,581414.9,587049.7,590086.7,606892.2,618691.0,597221.4,632463.3,650235.8,663888.5,4.53,9.25,1.69,12.47,1.04,7.45,0.44,1.21,2.46,4.97
New Jersey,Real Personal Income,,,,,,,,,,,469080.7,442074.8,456219.3,463368.0,469116.2,468261.5,481089.2,500906.3,509586.1,519160.2,523261.2,544239.2,565276.5,593641.8,570674.1,581816.4,,,,,2.06,15.27,2.89,8.88,-0.96,-1.99
New Jersey,Real PCE,,,,,,,,,,,364831.4,346665.4,357968.9,357039.7,360496.4,365184.6,372262.0,381162.5,387852.6,392232.8,393723.9,403234.6,391837.9,434362.9,442590.2,451912.0,,,,,1.62,11.88,-0.01,-0.1,2.0,4.04
New Jersey,Real Per Capita Personal Income,,,,,,,,,,,53849.0,50491.0,51790.0,52199.0,52513.0,52117.0,53254.0,55187.0,55877.0,56585.0,56760.0,58781.0,60963.0,64045.0,61622.0,62623.0,,,,,1.47,10.67,2.53,7.74,-1.08,-2.22
New Jersey,Real Per Capita PCE,,,,,,,,,,,41881.0,39594.0,40636.0,40221.0,40354.0,40645.0,41207.0,41994.0,42528.0,42751.0,42709.0,43551.0,42259.0,46861.0,47792.0,48641.0,,,,,1.03,7.41,-0.37,-1.15,1.89,3.8
New Jersey,Total Employment,4500635.0,4571128.0,4748598.0,4777145.0,4791997.0,4825010.0,4909630.0,4991163.0,5057231.0,5130173.0,5123837.0,4992097.0,4960649.0,5018547.0,5053885.0,5133106.0,5206898.0,5303132.0,5391258.0,5448785.0,5550061.0,5571281.0,5319518.0,5585258.0,5874226.0,6036507.0,2.73,5.51,1.01,7.26,1.11,8.0,-0.76,-2.37,3.96,8.08
New Mexico,Real GDP,67718.1,71421.0,72733.8,72996.4,75345.9,78766.8,85751.0,86295.9,88554.5,89392.3,89012.9,90829.2,90721.0,90552.3,90762.4,90104.0,92621.1,93503.9,93043.5,93210.1,96077.0,100342.2,97622.4,100917.6,103301.6,110323.7,3.65,7.41,2.92,21.94,0.35,2.44,1.6,4.73,4.58,9.32
New Mexico,Real Personal Income,,,,,,,,,,,79607.8,78630.2,81361.8,81154.2,81911.4,79945.2,83438.8,85378.8,87207.5,86238.4,92359.5,94945.6,102793.1,109838.2,106382.8,107517.6,,,,,1.51,10.91,6.06,19.2,-1.04,-2.11
New Mexico,Real PCE,,,,,,,,,,,67496.9,66514.8,68712.8,68202.3,68635.9,69761.9,71445.9,72905.3,74403.7,74306.7,79509.5,78405.9,77384.2,86774.9,87669.8,89453.5,,,,,1.62,11.86,1.44,4.14,1.53,3.09
New Mexico,Real Per Capita Personal Income,,,,,,,,,,,39593.0,38605.0,39402.0,38977.0,39187.0,38133.0,39827.0,40734.0,41535.0,41045.0,43916.0,44995.0,48522.0,51885.0,50335.0,50851.0,,,,,1.07,7.59,5.76,18.22,-0.98,-1.99
New Mexico,Real Per Capita PCE,,,,,,,,,,,33569.0,32656.0,33277.0,32756.0,32836.0,33275.0,34102.0,34783.0,35437.0,35366.0,37806.0,37157.0,36528.0,40991.0,41481.0,42307.0,,,,,1.18,8.52,1.16,3.29,1.59,3.21
New Mexico,Total Employment,937525.0,942297.0,964919.0,976506.0,984383.0,1003008.0,1027012.0,1050201.0,1079128.0,1103272.0,1105330.0,1071898.0,1059918.0,1064201.0,1067145.0,1075551.0,1083585.0,1092272.0,1092375.0,1095489.0,1110587.0,1116429.0,1068784.0,1091164.0,1129393.0,1165897.0,1.46,2.92,1.79,13.19,0.27,1.91,-0.79,-2.44,3.37,6.85
New York,Real GDP,1112323.6,1172149.8,1217036.4,1240755.2,1228580.8,1236563.1,1269433.1,1301438.0,1339568.5,1353798.9,1328095.7,1379504.6,1431624.0,1440346.8,1496280.1,1501818.0,1535375.9,1565835.2,1590567.8,1624800.7,1665186.8,1704364.3,1656784.8,1736222.3,1765102.1,1791210.7,4.61,9.41,0.99,7.04,2.06,15.3,0.68,1.97,1.57,3.17
New York,Real Personal Income,,,,,,,,,,,926923.5,917581.6,947703.2,967685.2,1003696.1,1001472.7,1031400.4,1067425.9,1089331.4,1144857.9,1163672.3,1188761.1,1231631.4,1266377.9,1221957.2,1243245.6,,,,,2.49,18.72,2.47,7.58,-0.88,-1.83
New York,Real PCE,,,,,,,,,,,693019.8,693323.5,715428.9,723455.9,739887.6,756221.2,788913.9,804830.7,819000.7,841269.1,866638.2,888382.0,835578.1,892573.5,932435.7,962482.2,,,,,2.41,18.13,-0.14,-0.68,3.84,7.83
New York,Real Per Capita Personal Income,,,,,,,,,,,48246.0,47526.0,48800.0,49369.0,50801.0,50345.0,51565.0,53135.0,54059.0,56703.0,57543.0,58785.0,61261.0,63783.0,62113.0,63524.0,,,,,1.86,13.75,2.62,8.04,-0.18,-0.41
New York,Real Per Capita PCE,,,,,,,,,,,36071.0,35910.0,36840.0,36909.0,37448.0,38016.0,39442.0,40064.0,40644.0,41667.0,42855.0,43931.0,41561.0,44956.0,47396.0,49178.0,,,,,1.79,13.18,-0.01,-0.25,4.59,9.39
New York,Total Employment,9901394.0,10164527.0,10424526.0,10438676.0,10348481.0,10377941.0,10513473.0,10654659.0,10810338.0,11083019.0,11197859.0,10984512.0,11005904.0,11294271.0,11433058.0,11619011.0,11865761.0,12099197.0,12259166.0,12391361.0,12655123.0,12745397.0,11871078.0,12226672.0,12780826.0,13172935.0,2.61,5.28,1.01,7.27,1.58,11.6,-1.34,-4.2,3.8,7.74
North Carolina,Real GDP,351977.9,372030.3,384115.3,387433.9,393685.9,404582.5,420579.4,442305.6,470663.9,477920.8,492688.8,473610.5,482030.4,484200.3,488126.5,497456.6,509782.4,525229.1,536308.5,546810.1,556573.7,567975.0,564504.4,600217.3,619537.2,638067.3,4.47,9.13,3.51,27.17,1.8,13.24,1.08,3.24,3.11,6.31
North Carolina,Real Personal Income,,,,,,,,,,,427092.2,419035.5,408988.1,409607.3,428209.4,416375.5,432979.7,456418.1,466543.3,484514.6,499977.6,528474.0,567620.0,590790.3,578335.9,591116.5,,,,,1.59,11.34,5.43,17.15,0.05,0.06
North Carolina,Real PCE,,,,,,,,,,,330830.3,331678.6,334334.7,337256.0,343565.0,349572.0,359507.8,373938.9,382962.4,397708.6,409322.6,426460.1,427241.2,459148.1,474449.3,487960.5,,,,,2.08,15.46,2.43,7.43,3.09,6.28
North Carolina,Real Per Capita Personal Income,,,,,,,,,,,45877.0,44344.0,42730.0,42479.0,44045.0,42472.0,43823.0,45797.0,46302.0,47617.0,48656.0,50959.0,54298.0,55908.0,54070.0,54554.0,,,,,0.67,4.42,4.49,14.03,-1.2,-2.42
North Carolina,Real Per Capita PCE,,,,,,,,,,,35537.0,35100.0,34931.0,34976.0,35339.0,35658.0,36387.0,37521.0,38007.0,39086.0,39834.0,41122.0,40869.0,43451.0,44358.0,45034.0,,,,,1.15,8.28,1.51,4.56,1.8,3.64
North Carolina,Total Employment,4708195.0,4802414.0,4891957.0,4855476.0,4842001.0,4851941.0,4961645.0,5093058.0,5251529.0,5430916.0,5413522.0,5215727.0,5178397.0,5292804.0,5356134.0,5436745.0,5568600.0,5694917.0,5825267.0,5919022.0,6055657.0,6148775.0,6054094.0,6317582.0,6568490.0,6772766.0,1.93,3.9,1.58,11.49,1.6,11.69,0.77,2.28,3.54,7.21
North Dakota,Real GDP,23971.3,24069.6,24990.2,25329.8,26592.1,28326.7,28636.2,29629.0,30911.4,32529.0,35030.4,35971.3,38697.4,43300.4,53326.8,54690.9,60193.0,58694.5,54756.0,56530.2,58516.4,59408.5,55850.6,56419.2,55988.0,60348.6,2.11,4.25,4.76,38.3,6.58,52.22,-0.32,-1.2,3.52,6.96
North Dakota,Real Personal Income,,,,,,,,,,,35184.8,34240.0,36919.8,40431.0,45488.8,44757.3,46974.6,45624.4,43619.6,44908.7,45825.1,45690.7,49117.5,51898.2,53919.1,52953.2,,,,,3.7,27.39,3.08,9.37,1.05,2.03
North Dakota,Real PCE,,,,,,,,,,,27970.9,28144.2,28755.6,30809.8,32695.2,34419.3,35854.8,37275.5,36563.2,37235.5,36889.3,36895.0,36551.4,38756.4,40180.9,40973.4,,,,,3.85,29.91,-0.61,-1.84,2.83,5.72
North Dakota,Real Per Capita Personal Income,,,,,,,,,,,53507.0,51491.0,54692.0,58846.0,64517.0,61532.0,63104.0,59820.0,57045.0,58576.0,59405.0,58841.0,63006.0,66709.0,69224.0,67549.0,,,,,1.65,10.79,2.52,7.56,0.68,1.26
North Dakota,Real Per Capita PCE,,,,,,,,,,,42537.0,42324.0,42597.0,44843.0,46371.0,47319.0,48166.0,48873.0,47817.0,48568.0,47821.0,47514.0,46887.0,49817.0,51586.0,52267.0,,,,,1.78,12.98,-1.17,-3.46,2.44,4.92
North Dakota,Total Employment,434930.0,435651.0,440643.0,445433.0,442530.0,443692.0,453079.0,461638.0,471131.0,482494.0,491887.0,492409.0,503803.0,529778.0,567381.0,586758.0,607113.0,597638.0,576701.0,573077.0,578397.0,581324.0,560280.0,567468.0,582032.0,598198.0,0.66,1.31,1.43,10.43,2.34,17.12,-0.73,-2.23,2.67,5.42
Ohio,Real GDP,518604.0,530745.6,541005.9,534612.4,546688.2,557024.5,572308.5,584867.7,582637.6,585403.0,580389.0,550982.4,563816.3,580251.4,586540.9,603057.4,624973.4,633274.8,638157.5,652187.5,656212.0,674063.9,655243.3,690478.9,695257.9,709816.6,2.13,4.32,1.19,8.56,2.12,15.82,0.18,0.47,1.39,2.8
Ohio,Real Personal Income,,,,,,,,,,,511871.9,494090.1,501427.8,526365.4,530730.5,530301.7,545561.0,570520.6,575566.1,590137.4,594381.6,604184.8,649860.6,672734.7,646886.2,655601.6,,,,,2.22,16.49,3.31,10.12,-1.24,-2.55
Ohio,Real PCE,,,,,,,,,,,422989.9,413074.6,421357.5,431556.4,434064.8,441416.4,450280.2,466802.4,474588.3,487233.7,488447.8,493392.3,487687.8,519894.9,532518.8,538903.7,,,,,2.01,14.89,0.03,0.09,1.81,3.66
Ohio,Real Per Capita Personal Income,,,,,,,,,,,44451.0,42857.0,43444.0,45541.0,45859.0,45670.0,46836.0,48871.0,49186.0,50277.0,50530.0,51252.0,55081.0,57180.0,55009.0,55626.0,,,,,2.0,14.77,3.13,9.56,-1.34,-2.72
Ohio,Real Per Capita PCE,,,,,,,,,,,36733.0,35829.0,36507.0,37338.0,37507.0,38015.0,38656.0,39986.0,40557.0,41510.0,41525.0,41854.0,41335.0,44189.0,45283.0,45724.0,,,,,1.79,13.2,-0.14,-0.42,1.73,3.47
Ohio,Total Employment,6599132.0,6681355.0,6789300.0,6725753.0,6640234.0,6620832.0,6666590.0,6709205.0,6747288.0,6794947.0,6725207.0,6454988.0,6418141.0,6521630.0,6605925.0,6681685.0,6771706.0,6862150.0,6931328.0,6987847.0,7067380.0,7071408.0,6852799.0,7048045.0,7219914.0,7396029.0,1.44,2.88,0.0,-0.01,1.03,7.38,-0.63,-1.93,2.44,4.94
Oklahoma,Real GDP,114928.1,116968.4,121170.2,125695.7,127930.2,130147.8,134606.6,140360.1,149367.1,152879.6,158987.8,156856.8,158086.4,163859.3,172016.0,176086.8,186574.4,193792.6,190093.5,192538.6,196030.5,200072.2,191560.9,194132.8,193940.5,207923.3,2.69,5.43,3.43,26.49,2.81,21.19,-0.13,-0.51,3.56,7.1
Oklahoma,Real Personal Income,,,,,,,,,,,180162.8,169675.1,170857.7,178480.4,185729.8,191780.8,199539.5,194705.2,183585.8,189624.2,198041.5,205867.1,212054.7,222512.3,226514.9,230879.7,,,,,1.2,8.2,3.8,11.83,1.86,3.76
Oklahoma,Real PCE,,,,,,,,,,,127891.6,127721.1,128287.8,131021.3,132340.8,134241.0,137162.3,139549.4,140567.1,143268.7,148652.3,149960.0,147180.9,159052.4,165110.9,169192.3,,,,,1.38,10.06,0.93,2.73,3.14,6.38
Oklahoma,Real Per Capita Personal Income,,,,,,,,,,,49104.0,45641.0,45446.0,47134.0,48680.0,49838.0,51540.0,49911.0,46871.0,48368.0,50412.0,52200.0,53478.0,55745.0,56357.0,56954.0,,,,,0.44,2.69,3.41,10.56,1.08,2.17
Oklahoma,Real Per Capita PCE,,,,,,,,,,,34858.0,34356.0,34123.0,34601.0,34686.0,34885.0,35428.0,35772.0,35888.0,36544.0,37840.0,38024.0,37118.0,39846.0,41080.0,41736.0,,,,,0.63,4.46,0.55,1.57,2.35,4.74
Oklahoma,Total Employment,1938705.0,1953349.0,1994373.0,2009183.0,1987636.0,1971410.0,1998176.0,2043188.0,2096099.0,2150026.0,2186721.0,2136754.0,2130312.0,2159073.0,2211969.0,2249096.0,2273648.0,2287838.0,2287131.0,2291944.0,2312261.0,2309379.0,2265288.0,2311442.0,2382391.0,2455127.0,1.43,2.87,1.23,8.84,0.98,7.04,-0.38,-1.16,3.06,6.22
Oregon,Real GDP,130425.1,133761.7,145094.2,144486.5,147432.8,154445.3,163046.1,168734.4,177222.4,180724.3,184842.6,176951.6,180738.2,185959.4,187352.4,189609.7,195808.2,205581.8,214769.3,225534.5,234308.3,239794.8,237424.2,250325.8,256062.7,261951.5,5.52,11.25,3.59,27.93,2.82,21.37,1.75,5.27,2.29,4.64
Oregon,Real Personal Income,,,,,,,,,,,159186.3,150977.7,153692.1,157192.8,159863.3,161641.9,170717.9,180643.1,190532.8,194828.9,196985.6,205137.8,222917.2,236590.9,219807.2,227750.0,,,,,3.4,26.2,4.64,14.42,-1.74,-3.74
Oregon,Real PCE,,,,,,,,,,,137654.3,132290.1,135445.9,136572.3,135654.7,139296.9,145052.4,150481.7,158301.9,162206.1,162923.9,168066.8,165909.6,180657.1,179879.4,185908.5,,,,,2.61,19.66,0.77,2.28,1.46,2.91
Oregon,Real Per Capita Personal Income,,,,,,,,,,,42239.0,39641.0,40049.0,40590.0,40990.0,41192.0,43052.0,44953.0,46549.0,46979.0,47087.0,48657.0,52512.0,55584.0,51849.0,53799.0,,,,,2.34,17.43,3.83,11.78,-1.48,-3.21
Oregon,Real Per Capita PCE,,,,,,,,,,,36525.0,34735.0,35294.0,35266.0,34783.0,35498.0,36580.0,37448.0,38675.0,39112.0,38945.0,39864.0,39083.0,42443.0,42431.0,43915.0,,,,,1.56,11.34,-0.01,-0.07,1.74,3.47
Oregon,Total Employment,2021755.0,2051144.0,2092153.0,2079058.0,2062116.0,2076549.0,2132996.0,2196901.0,2256440.0,2307311.0,2288774.0,2189199.0,2174333.0,2201553.0,2219981.0,2260337.0,2323439.0,2391179.0,2450390.0,2515986.0,2570069.0,2579015.0,2492991.0,2558977.0,2620141.0,2692813.0,1.73,3.48,1.4,10.09,1.63,11.93,-0.28,-0.91,2.58,5.23
Pennsylvania,Real GDP,534933.6,552163.6,566250.9,577677.5,583507.4,598809.5,614957.1,626290.1,626589.9,649638.1,665148.3,645206.7,666805.8,676468.3,689007.0,704195.0,718691.6,734145.1,744847.1,754318.0,763855.4,771852.5,736381.3,765508.8,779360.6,799228.8,2.88,5.85,2.04,15.14,2.07,15.44,-0.76,-2.38,2.18,4.4
Pennsylvania,Real Personal Income,,,,,,,,,,,591536.8,579211.9,597832.3,617513.9,632010.6,629977.7,648176.4,666522.6,681043.0,679230.8,707494.5,720634.9,768051.4,794192.5,760573.2,761197.0,,,,,2.35,17.58,4.2,13.08,-2.08,-4.15
Pennsylvania,Real PCE,,,,,,,,,,,495840.5,491193.9,505624.4,514785.5,518822.9,524924.2,534574.9,542487.4,550965.1,553108.8,574735.6,583466.9,562018.2,609577.8,629332.9,628991.9,,,,,1.66,12.17,0.58,1.61,1.6,3.18
Pennsylvania,Real Per Capita Personal Income,,,,,,,,,,,46902.0,45727.0,47012.0,48346.0,49316.0,49038.0,50322.0,51674.0,52720.0,52469.0,54503.0,55470.0,59101.0,61028.0,58632.0,58727.0,,,,,2.06,15.29,4.07,12.64,-1.89,-3.77
Pennsylvania,Real Per Capita PCE,,,,,,,,,,,39314.0,38778.0,39761.0,40303.0,40484.0,40860.0,41503.0,42058.0,42650.0,42726.0,44276.0,44912.0,43247.0,46842.0,48514.0,48527.0,,,,,1.37,9.99,0.45,1.22,1.8,3.6
Pennsylvania,Total Employment,6657699.0,6764360.0,6905286.0,6915464.0,6887062.0,6875775.0,6951757.0,7053584.0,7152610.0,7265012.0,7278574.0,7101513.0,7119718.0,7217043.0,7284595.0,7350212.0,7434632.0,7510339.0,7593722.0,7662469.0,7763488.0,7772024.0,7412005.0,7648692.0,7900283.0,8094606.0,1.84,3.72,0.74,5.25,0.96,6.93,-1.07,-3.27,2.88,5.83
Rhode Island,Real GDP,45381.3,46831.2,49113.6,49705.2,51284.3,52933.1,55160.5,55885.9,57415.8,56230.5,54977.1,54481.5,56050.6,56026.6,56487.4,57037.2,57602.7,58387.9,58630.0,58771.6,58740.1,60157.6,58231.7,60803.0,62279.4,63277.0,4.03,8.22,1.48,10.61,1.06,7.61,-0.28,-0.92,2.02,4.07
Rhode Island,Real Personal Income,,,,,,,,,,,47301.5,46171.9,48728.4,49727.9,51074.4,49609.5,51370.6,52166.5,52637.7,53507.5,54755.1,57027.8,61177.9,62126.4,58179.7,60638.1,,,,,1.92,14.0,4.59,14.34,-1.06,-2.4
Rhode Island,Real PCE,,,,,,,,,,,39227.8,38762.6,39596.5,40052.5,40287.8,40409.0,41890.9,42303.1,43110.2,43452.9,44646.7,45151.6,44511.9,48213.3,47500.0,50197.9,,,,,1.54,11.22,0.82,2.44,2.1,4.12
Rhode Island,Real Per Capita Personal Income,,,,,,,,,,,44835.0,43821.0,46190.0,46973.0,48020.0,46444.0,47874.0,48421.0,48637.0,49320.0,50153.0,52103.0,55797.0,56628.0,53188.0,55329.0,,,,,1.53,10.99,4.22,13.13,-1.02,-2.29
Rhode Island,Real Per Capita PCE,,,,,,,,,,,37183.0,36789.0,37534.0,37834.0,37879.0,37830.0,39039.0,39266.0,39834.0,40052.0,40895.0,41252.0,40597.0,43946.0,43425.0,45803.0,,,,,1.15,8.28,0.46,1.36,2.15,4.23
Rhode Island,Total Employment,554761.0,566528.0,582589.0,585235.0,588125.0,594099.0,602389.0,605726.0,611113.0,617961.0,608884.0,588270.0,586329.0,591668.0,592954.0,602374.0,613103.0,626983.0,633419.0,638851.0,648727.0,650999.0,615667.0,640210.0,665432.0,681452.0,2.48,5.02,0.57,4.04,1.07,7.67,-1.18,-3.63,3.17,6.44
South Carolina,Real GDP,150732.6,157645.5,161880.2,162837.1,167333.0,174270.8,177169.4,183267.5,187386.1,193386.6,192497.1,184081.3,188777.2,193221.0,195406.1,200147.3,206077.9,213212.4,220559.3,224937.6,231663.3,239021.3,233650.1,245752.1,254504.5,262298.5,3.64,7.4,2.43,18.21,2.62,19.82,1.31,3.87,3.31,6.73
South Carolina,Real Personal Income,,,,,,,,,,,183085.3,181659.9,181307.2,185814.6,190915.1,190790.8,200044.3,211939.4,217880.7,227075.1,234088.9,247857.4,263936.1,271462.7,265626.4,274590.5,,,,,2.65,19.94,5.15,16.23,0.61,1.15
South Carolina,Real PCE,,,,,,,,,,,162010.4,162217.5,164085.1,165742.3,165730.1,169607.8,174980.8,181377.0,186532.3,192470.1,198269.7,205794.8,206232.0,219310.1,228309.8,235731.9,,,,,2.02,14.99,2.34,7.15,3.67,7.49
South Carolina,Real Per Capita Personal Income,,,,,,,,,,,40425.0,39578.0,39126.0,39851.0,40611.0,40249.0,41743.0,43675.0,44368.0,45728.0,46621.0,48814.0,51428.0,52266.0,50280.0,51100.0,,,,,1.67,12.1,4.0,12.47,-1.08,-2.23
South Carolina,Real Per Capita PCE,,,,,,,,,,,35772.0,35342.0,35410.0,35546.0,35254.0,35780.0,36513.0,37377.0,37984.0,38759.0,39488.0,40530.0,40184.0,42225.0,43216.0,43869.0,,,,,1.04,7.48,1.22,3.68,1.93,3.89
South Carolina,Total Employment,2191440.0,2240690.0,2279819.0,2256571.0,2248075.0,2263806.0,2305699.0,2356325.0,2418647.0,2482361.0,2472467.0,2367944.0,2357679.0,2427453.0,2453323.0,2500985.0,2564027.0,2636275.0,2700187.0,2759183.0,2843694.0,2882128.0,2824762.0,2937450.0,3049805.0,3149982.0,2.0,4.03,1.32,9.57,1.9,14.03,0.81,2.38,3.55,7.24
South Dakota,Real GDP,28772.1,30038.3,32124.9,32396.9,35776.0,36141.9,37616.6,39330.6,39961.6,41646.2,43278.5,44255.8,44810.7,47630.3,48653.9,48610.1,49640.9,50860.8,51264.3,51615.1,51937.8,52510.2,52770.7,55515.9,55259.8,57275.1,5.68,11.65,4.26,33.59,2.14,15.84,0.74,2.24,1.59,3.17
South Dakota,Real Personal Income,,,,,,,,,,,43125.8,41638.2,41935.3,45296.1,43913.6,43823.6,45650.4,48212.1,48483.0,49372.8,48578.4,50605.9,55364.7,61319.5,62237.5,62803.6,,,,,2.26,16.44,3.99,12.14,1.21,2.42
South Dakota,Real PCE,,,,,,,,,,,32050.8,31961.5,32276.0,33268.1,33071.4,33631.9,34622.4,36376.1,37638.2,38660.8,37944.2,38411.4,38417.5,42137.1,44316.4,45151.6,,,,,2.38,17.76,-0.2,-0.63,3.52,7.15
South Dakota,Real Per Capita Personal Income,,,,,,,,,,,53966.0,51592.0,51386.0,55027.0,52730.0,52096.0,53856.0,56578.0,56333.0,56740.0,55499.0,57343.0,62358.0,68414.0,68403.0,68315.0,,,,,1.33,9.19,3.29,9.9,-0.07,-0.14
South Dakota,Real Per Capita PCE,,,,,,,,,,,40107.0,39602.0,39550.0,40415.0,39711.0,39981.0,40846.0,42688.0,43732.0,44429.0,43350.0,43525.0,43270.0,47012.0,48706.0,49114.0,,,,,1.45,10.43,-0.87,-2.61,2.22,4.47
South Dakota,Total Employment,490715.0,501684.0,512377.0,511664.0,509549.0,509653.0,518411.0,527756.0,538721.0,551970.0,561052.0,556495.0,558161.0,566491.0,574997.0,581234.0,589348.0,592644.0,597263.0,601254.0,610179.0,610159.0,605992.0,624995.0,640975.0,657014.0,2.19,4.41,1.33,9.65,1.02,7.33,0.27,0.79,2.53,5.12
Tennessee,Real GDP,240963.4,248457.5,251030.2,250311.4,258542.4,267589.4,281564.2,289064.3,295668.2,294819.8,298526.9,287308.8,292687.0,301508.9,311754.2,318347.9,323879.6,335461.1,343544.9,355417.5,362363.7,370197.4,367863.6,400243.6,414470.8,422087.7,2.08,4.18,2.56,19.26,2.59,19.57,1.16,3.5,2.69,5.46
Tennessee,Real Personal Income,,,,,,,,,,,267391.7,270265.1,272917.9,280614.2,286578.0,286206.9,293297.5,307763.2,311535.3,322332.7,346277.2,355957.2,381063.3,406460.9,391980.6,398094.7,,,,,2.06,15.27,5.76,18.22,-1.0,-2.06
Tennessee,Real PCE,,,,,,,,,,,222138.7,222434.0,223274.8,226222.5,227280.7,229991.0,236514.2,243409.8,248302.0,257850.1,273540.4,276409.3,276499.3,302566.8,309219.7,315346.2,,,,,1.59,11.63,2.39,7.23,2.09,4.22
Tennessee,Real Per Capita Personal Income,,,,,,,,,,,42800.0,42858.0,42936.0,43816.0,44341.0,43980.0,44719.0,46540.0,46690.0,47828.0,50874.0,51871.0,55019.0,58368.0,55608.0,55861.0,,,,,1.24,8.94,4.8,15.04,-2.14,-4.3
Tennessee,Real Per Capita PCE,,,,,,,,,,,35557.0,35273.0,35126.0,35323.0,35166.0,35342.0,36061.0,36808.0,37214.0,38260.0,40188.0,40279.0,39921.0,43449.0,43867.0,44250.0,,,,,0.77,5.5,1.46,4.34,0.92,1.84
Tennessee,Total Employment,3339584.0,3397301.0,3459310.0,3421028.0,3408736.0,3433444.0,3507915.0,3572054.0,3643561.0,3702458.0,3677116.0,3523871.0,3515815.0,3589026.0,3635172.0,3689682.0,3772755.0,3859498.0,3951859.0,4033011.0,4120203.0,4168023.0,4119507.0,4298499.0,4480005.0,4613274.0,1.78,3.59,1.04,7.49,1.65,12.15,0.72,2.14,3.59,7.32
Texas,Real GDP,920059.6,957247.2,989904.9,1020517.0,1042584.4,1052132.3,1111189.1,1143413.1,1225147.3,1288828.7,1287191.5,1285560.2,1323059.1,1370174.9,1438354.4,1511806.5,1559636.1,1634127.1,1633863.3,1667313.0,1746543.3,1806736.1,1773657.1,1879101.3,1952708.6,2097090.4,3.73,7.59,3.4,26.13,3.5,27.09,2.12,6.38,5.65,11.6
Texas,Real Personal Income,,,,,,,,,,,1120909.7,1075852.1,1113308.5,1196635.6,1239768.8,1251439.6,1318145.1,1342796.0,1327627.4,1408033.3,1470536.8,1510475.9,1554394.2,1663205.1,1673439.2,1727121.3,,,,,3.08,23.4,3.36,10.39,1.92,3.84
Texas,Real PCE,,,,,,,,,,,848953.3,853980.0,873538.6,909178.8,928499.3,951950.1,991562.9,1033220.0,1061560.8,1102131.7,1127626.2,1147754.4,1138941.8,1257674.8,1318234.8,1362468.3,,,,,3.16,24.31,1.11,3.34,4.09,8.33
Texas,Real Per Capita Personal Income,,,,,,,,,,,46111.0,43378.0,44111.0,46689.0,47581.0,47335.0,48987.0,49009.0,47705.0,49944.0,51578.0,52342.0,53170.0,56263.0,55726.0,56621.0,,,,,1.4,9.98,2.11,6.46,0.33,0.64
Texas,Real Per Capita PCE,,,,,,,,,,,34923.0,34432.0,34611.0,35473.0,35635.0,36007.0,36850.0,37710.0,38144.0,39093.0,39551.0,39773.0,38959.0,42545.0,43897.0,44666.0,,,,,1.48,10.78,-0.11,-0.34,2.46,4.99
Texas,Total Employment,11541749.0,11761409.0,12138771.0,12284685.0,12291965.0,12374943.0,12588075.0,13003916.0,13493483.0,14008293.0,14365985.0,14202860.0,14262584.0,14681517.0,15095946.0,15532152.0,16001898.0,16414554.0,16683280.0,17104407.0,17608884.0,17899918.0,17697051.0,18552126.0,19447935.0,20172008.0,2.55,5.17,2.27,16.94,2.33,17.46,1.16,3.46,4.28,8.73
Utah,Real GDP,91312.7,95206.8,98648.5,100244.3,102828.1,104829.2,111318.9,118430.2,127539.4,133799.8,133662.9,130958.6,133739.1,138301.1,140622.5,145026.9,150076.3,155431.5,162528.2,172075.0,182106.0,192760.6,194750.2,210446.9,217442.5,225459.4,3.93,8.03,4.23,33.34,3.14,24.11,4.24,13.18,3.5,7.13
Utah,Real Personal Income,,,,,,,,,,,104127.9,97472.5,101138.6,103644.8,108592.8,111380.8,116910.4,126146.1,132904.4,136627.2,147988.6,154961.5,170930.2,188929.4,187352.6,191734.1,,,,,4.54,36.35,7.78,25.11,0.75,1.48
Utah,Real PCE,,,,,,,,,,,85637.5,81938.8,84859.2,84501.6,87428.8,90610.5,95301.5,99963.5,106008.5,109011.3,117829.2,121229.7,125782.1,142229.4,149523.5,152351.2,,,,,3.77,29.38,4.91,15.38,3.51,7.12
Utah,Real Per Capita Personal Income,,,,,,,,,,,39101.0,35790.0,36432.0,36776.0,37963.0,38301.0,39622.0,42061.0,43390.0,43710.0,46524.0,47936.0,52050.0,56578.0,55409.0,56100.0,,,,,2.8,21.23,6.02,19.08,-0.41,-0.84
Utah,Real Per Capita PCE,,,,,,,,,,,32158.0,30087.0,30568.0,29984.0,30564.0,31158.0,32298.0,33331.0,34609.0,34875.0,37043.0,37501.0,38302.0,42593.0,44222.0,44577.0,,,,,2.04,15.03,3.2,9.83,2.31,4.66
Utah,Total Employment,1309652.0,1338175.0,1380538.0,1391757.0,1395308.0,1405773.0,1453389.0,1517550.0,1592713.0,1676369.0,1688135.0,1633986.0,1620793.0,1664413.0,1706044.0,1753374.0,1803933.0,1865934.0,1933131.0,1995267.0,2069738.0,2102960.0,2135682.0,2249697.0,2342012.0,2416306.0,2.67,5.41,2.82,21.3,2.44,18.31,2.3,7.04,3.63,7.41
Vermont,Real GDP,22266.5,23561.7,24844.6,25681.8,26522.8,27548.1,28989.2,29283.2,29420.9,29296.6,30168.6,29565.7,30890.6,31663.6,31898.1,31494.6,31847.7,32042.9,32312.7,32589.2,32827.8,33339.4,32252.7,33721.9,34752.6,35236.6,5.63,11.58,2.34,17.47,1.29,9.29,-0.32,-1.03,2.23,4.49
Vermont,Real Personal Income,,,,,,,,,,,28313.3,27918.5,28864.0,29949.5,29952.8,29818.6,31246.1,31450.1,32220.9,31908.2,32442.0,33849.9,35069.4,36678.1,35147.2,37243.0,,,,,2.09,15.41,3.2,9.91,0.9,1.54
Vermont,Real PCE,,,,,,,,,,,25655.0,25531.5,26481.9,27241.9,27185.7,27258.8,28463.1,28211.0,28743.9,28574.3,29596.9,30021.2,28446.1,30955.4,30722.9,32784.2,,,,,1.72,12.58,-0.08,-0.45,2.98,5.91
Vermont,Real Per Capita Personal Income,,,,,,,,,,,45363.0,44683.0,46082.0,47570.0,47494.0,47120.0,49298.0,49460.0,50635.0,49930.0,50638.0,52739.0,54546.0,56681.0,54314.0,57521.0,,,,,1.82,13.32,3.0,9.24,0.86,1.48
Vermont,Real Per Capita PCE,,,,,,,,,,,41104.0,40862.0,42279.0,43270.0,43107.0,43075.0,44907.0,44366.0,45171.0,44713.0,46197.0,46774.0,44244.0,47838.0,47477.0,50635.0,,,,,1.46,10.55,-0.28,-1.05,2.95,5.85
Vermont,Total Employment,381006.0,389726.0,400963.0,403836.0,405648.0,406047.0,413086.0,417100.0,421001.0,425046.0,424280.0,414213.0,413335.0,416949.0,421870.0,424997.0,429010.0,432560.0,433791.0,435861.0,437661.0,433446.0,409231.0,421138.0,430889.0,442378.0,2.58,5.24,0.71,5.06,0.66,4.73,-2.05,-6.11,2.5,5.04
Virginia,Real GDP,338931.5,356391.8,372914.1,386444.7,390242.4,404522.2,421744.4,442089.5,451263.1,457568.9,462034.7,460075.3,475699.3,479571.4,483041.4,488741.3,488918.6,498943.6,505107.7,515167.2,527767.5,541028.0,534532.3,565470.6,580475.2,597597.1,4.89,10.03,2.6,19.56,1.35,9.79,1.25,3.76,2.8,5.68
Virginia,Real Personal Income,,,,,,,,,,,386846.7,384428.5,389491.6,402526.5,415618.4,402518.1,413271.3,430399.8,441055.9,457656.4,461792.7,485394.5,503138.6,521083.1,511101.4,530512.8,,,,,2.01,14.73,3.22,9.94,0.94,1.81
Virginia,Real PCE,,,,,,,,,,,302674.6,303184.4,306709.1,310657.7,316656.2,316407.4,321863.1,327866.6,335678.6,345020.5,350102.5,362852.2,351207.2,374579.7,384258.0,400453.6,,,,,1.47,10.72,0.63,1.79,3.4,6.91
Virginia,Real Per Capita Personal Income,,,,,,,,,,,49384.0,48503.0,48535.0,49648.0,50704.0,48674.0,49591.0,51300.0,52229.0,53826.0,54030.0,56459.0,58253.0,60190.0,58889.0,60869.0,,,,,1.09,7.68,2.69,8.22,0.6,1.13
Virginia,Real Per Capita PCE,,,,,,,,,,,38639.0,38252.0,38219.0,38317.0,38631.0,38261.0,38622.0,39079.0,39750.0,40578.0,40962.0,42205.0,40662.0,43267.0,44274.0,45946.0,,,,,0.55,3.92,0.11,0.21,3.05,6.19
Virginia,Total Employment,4167798.0,4261127.0,4399151.0,4417451.0,4421728.0,4467318.0,4587035.0,4700990.0,4781754.0,4869298.0,4870374.0,4758069.0,4743177.0,4802651.0,4856833.0,4898617.0,4953436.0,5060270.0,5156659.0,5229126.0,5299069.0,5329257.0,5224635.0,5392104.0,5551518.0,5720000.0,2.74,5.55,1.41,10.25,1.16,8.38,-0.02,-0.09,3.0,6.08
Washington,Real GDP,299817.0,322721.6,325857.6,317860.6,321977.1,327645.2,335449.3,358396.3,372145.0,394221.9,401093.2,390814.0,403471.3,411575.7,426447.0,439472.2,456186.5,476715.4,495724.9,527169.4,561785.7,588794.4,589156.8,630051.5,644075.1,677238.0,4.3,8.69,3.4,26.19,3.46,26.84,3.81,11.76,3.69,7.49
Washington,Real Personal Income,,,,,,,,,,,310770.0,299091.6,307765.6,316238.7,335705.6,337698.1,352660.3,371323.6,383757.3,394607.9,413969.6,434333.6,464180.3,482070.8,461585.1,483701.5,,,,,3.64,28.31,5.57,17.63,0.27,0.34
Washington,Real PCE,,,,,,,,,,,249249.8,246812.2,255029.5,258710.2,264977.1,271619.2,277352.0,287537.8,295739.9,303106.9,316402.1,323178.1,316326.4,342051.8,347964.1,361524.8,,,,,2.62,19.82,1.47,4.36,2.81,5.69
Washington,Real Per Capita Personal Income,,,,,,,,,,,47357.0,44859.0,45638.0,46298.0,48625.0,48421.0,49895.0,51713.0,52455.0,52990.0,54841.0,56860.0,60091.0,62272.0,59296.0,61911.0,,,,,2.27,16.93,4.28,13.4,-0.19,-0.58
Washington,Real Per Capita PCE,,,,,,,,,,,37982.0,37018.0,37818.0,37876.0,38380.0,38946.0,39240.0,40045.0,40424.0,40703.0,41916.0,42308.0,40951.0,44185.0,44700.0,46273.0,,,,,1.27,9.2,0.24,0.61,2.34,4.73
Washington,Total Employment,3382924.0,3446900.0,3526778.0,3515729.0,3489176.0,3516324.0,3585288.0,3687833.0,3798218.0,3924866.0,3954871.0,3815623.0,3771422.0,3814269.0,3909118.0,3991747.0,4094370.0,4199164.0,4313722.0,4432271.0,4537842.0,4591912.0,4434976.0,4574714.0,4764618.0,4881542.0,2.1,4.25,1.7,12.49,1.78,13.05,0.05,0.06,3.3,6.71
West Virginia,Real GDP,61725.7,63691.7,63364.6,63599.8,64465.7,65106.8,66077.6,67888.8,68900.0,69374.1,70966.8,70886.5,71823.8,73175.2,73124.5,73949.0,74111.3,74261.4,73513.3,75172.4,77406.5,77162.2,74553.8,75765.1,77188.0,80798.2,1.34,2.66,1.58,11.58,0.52,3.71,-0.24,-0.82,3.28,6.64
West Virginia,Real Personal Income,,,,,,,,,,,74258.9,76036.2,75391.4,77458.5,77707.7,75509.0,77071.2,77820.9,77291.9,79711.4,81513.8,83892.3,88204.7,88032.9,86003.1,86502.1,,,,,0.25,1.65,3.44,10.66,-0.86,-1.74
West Virginia,Real PCE,,,,,,,,,,,64239.0,66281.0,66240.7,67273.2,67767.9,67492.6,68295.0,69421.0,71348.4,71914.2,72833.7,74054.3,73424.9,74581.3,77079.0,77874.9,,,,,1.06,7.65,0.7,2.1,2.19,4.42
West Virginia,Real Per Capita Personal Income,,,,,,,,,,,40351.0,41150.0,40655.0,41704.0,41807.0,40670.0,41592.0,42149.0,42098.0,43731.0,45021.0,46596.0,49233.0,49311.0,48479.0,48869.0,,,,,0.34,2.3,4.04,12.58,-0.44,-0.9
West Virginia,Real Per Capita PCE,,,,,,,,,,,34907.0,35871.0,35721.0,36220.0,36459.0,36352.0,36856.0,37599.0,38861.0,39453.0,40227.0,41131.0,40984.0,41776.0,43448.0,43995.0,,,,,1.16,8.34,1.28,3.88,2.63,5.31
West Virginia,Total Employment,868370.0,868236.0,875561.0,872546.0,871215.0,868312.0,879273.0,890760.0,902913.0,915643.0,918376.0,899067.0,899510.0,909060.0,918958.0,914247.0,911678.0,904270.0,890209.0,888822.0,898085.0,881641.0,840976.0,864611.0,885312.0,903815.0,0.41,0.83,0.74,5.25,-0.14,-0.99,-1.8,-5.38,2.24,4.53
Wisconsin,Real GDP,232087.1,242026.0,248572.0,252941.8,257966.9,265745.8,275412.4,282065.7,287146.6,289855.2,286204.7,277279.4,287652.9,293664.0,299007.6,301550.5,309425.8,315687.8,319272.3,321886.8,328832.4,333256.8,322470.6,334514.0,339747.9,344570.8,3.49,7.1,1.79,13.15,2.04,15.14,0.09,0.18,1.49,3.01
Wisconsin,Real Personal Income,,,,,,,,,,,263753.5,258383.6,259228.3,269994.4,274484.7,273572.1,280358.3,293608.2,296208.4,302158.3,309369.2,315503.8,338035.3,350422.2,340655.3,342612.8,,,,,1.99,14.64,3.84,11.87,-1.11,-2.23
Wisconsin,Real PCE,,,,,,,,,,,216733.5,213008.4,215229.0,220156.5,218771.8,222283.7,227091.2,233762.9,238358.4,243678.9,247075.3,249579.6,246261.9,264260.0,274093.1,277136.9,,,,,1.63,11.9,0.36,1.06,2.42,4.87
Wisconsin,Real Per Capita Personal Income,,,,,,,,,,,46757.0,45576.0,45543.0,47258.0,47869.0,47518.0,48519.0,50674.0,50962.0,51771.0,52805.0,53655.0,57326.0,59596.0,57831.0,57962.0,,,,,1.63,11.82,3.48,10.73,-1.36,-2.74
Wisconsin,Real Per Capita PCE,,,,,,,,,,,38421.0,37573.0,37813.0,38535.0,38153.0,38610.0,39300.0,40345.0,41009.0,41751.0,42172.0,42444.0,41763.0,44942.0,46531.0,46885.0,,,,,1.27,9.14,0.02,0.03,2.15,4.32
Wisconsin,Total Employment,3287793.0,3350388.0,3413585.0,3403719.0,3395194.0,3413427.0,3467823.0,3511454.0,3547006.0,3585326.0,3572816.0,3444538.0,3426369.0,3474372.0,3499342.0,3539199.0,3585944.0,3624473.0,3657732.0,3678859.0,3721096.0,3717587.0,3580658.0,3682359.0,3775679.0,3855150.0,1.9,3.83,0.7,4.97,0.86,6.19,-0.87,-2.67,2.31,4.69
Wyoming,Real GDP,24804.7,25866.8,26614.2,28338.1,28901.3,29806.6,30780.1,32463.1,36655.6,39504.8,41641.2,40599.6,39135.8,38929.8,38085.0,38408.7,39287.2,40063.9,37853.5,37620.3,37977.2,38577.1,36198.2,37131.8,37827.2,40210.8,3.58,7.29,5.71,46.94,-0.96,-6.76,-1.21,-3.78,4.08,8.29
Wyoming,Real Personal Income,,,,,,,,,,,31798.3,29028.2,30338.0,31718.2,33932.4,32960.5,34582.4,34774.3,32431.4,33506.7,36180.7,36595.1,39239.9,41320.3,41771.6,43813.0,,,,,1.7,11.72,5.45,17.11,2.99,6.03
Wyoming,Real PCE,,,,,,,,,,,21948.0,21817.0,22205.7,22424.3,23316.9,23502.5,24291.6,24528.5,24505.4,24589.8,26160.3,25934.5,26696.2,28643.9,29407.1,30381.5,,,,,1.68,12.32,2.82,8.57,2.99,6.07
Wyoming,Real Per Capita Personal Income,,,,,,,,,,,58234.0,51850.0,53752.0,55954.0,58962.0,56738.0,59527.0,59581.0,55726.0,58146.0,62945.0,63606.0,67929.0,71298.0,71818.0,75015.0,,,,,1.13,7.48,5.37,16.82,2.59,5.21
Wyoming,Real Per Capita PCE,,,,,,,,,,,40195.0,38969.0,39344.0,39559.0,40516.0,40457.0,41814.0,42026.0,42107.0,42672.0,45512.0,45077.0,46214.0,49425.0,50560.0,52018.0,,,,,1.12,8.05,2.74,8.3,2.59,5.25
Wyoming,Total Employment,310043.0,315198.0,324653.0,330130.0,334129.0,336769.0,343760.0,354384.0,370331.0,388463.0,398989.0,387490.0,385075.0,390340.0,396724.0,400510.0,406401.0,406045.0,398144.0,398968.0,404591.0,407870.0,401353.0,419813.0,430153.0,443007.0,2.33,4.71,2.75,20.86,0.4,2.75,0.21,0.6,2.73,5.52
